chapter,page,r1_chars,r2_chars,r3_chars,r4_chars
1,1,56,50,50,50
1,2,9,9,9,9
1,3,42,42,42,42
1,4,10,10,10,10
1,5,32,28,28,28
1,6,45,43,43,43
1,7,9,9,9,9
1,8,31,24,24,24
1,9,22,22,22,22
1,10,15,15,15,15
1,11,23,23,23,23
1,12,31,25,25,25
1,13,14,12,12,12
1,14,22,16,16,16
1,15,23,16,16,16
1,16,11,11,11,11
1,17,53,29,29,29
1,18,43,31,31,31
1,19,82,43,43,43
1,20,36,31,31,31
1,21,31,28,28,28
1,22,22,17,17,17
1,23,0,0,0,0
1,24,0,0,0,0
1,25,9,9,9,9
1,26,31,31,31,31
1,27,11,11,11,11
1,28,36,9,9,9
1,29,29,15,13,32
1,30,9,12,19,12
1,31,21,41,0,41
1,32,33,9,12,14
1,33,32,5,41,5
1,34,25,5,14,28
1,35,6,6,5,0
1,36,18,18,24,13
1,37,0,0,0,9
1,38,13,13,13,0
1,39,9,9,9,9
1,40,5,0,0,31
1,41,13,8,9,35
1,42,18,9,31,34
1,43,34,31,35,26
1,44,36,35,34,23
1,45,42,34,26,11
1,46,58,49,23,21
1,47,13,13,13,
1,48,11,11,21,
2,1,56,37,37,37
2,2,25,16,16,16
2,3,20,13,13,13
2,4,44,31,31,31
2,5,36,28,28,28
2,6,33,21,21,21
2,7,14,8,8,8
2,8,7,7,7,7
2,9,8,13,13,13
2,10,35,20,20,20
2,11,12,27,27,27
2,12,55,10,10,10
2,13,35,10,10,10
2,14,12,11,11,11
2,15,43,25,25,25
2,16,27,0,0,0
2,17,10,13,13,23
2,18,56,10,10,18
2,19,19,21,21,9
2,20,17,9,9,9
2,21,0,17,37,37
2,22,27,0,32,32
2,23,53,26,37,37
2,24,31,24,20,19
2,25,21,10,10,9
3,1,40,35,5,9
3,2,19,19,25,26
3,3,18,16,27,0
3,4,27,24,18,18
3,5,29,24,16,16
3,6,22,21,9,9
3,7,25,19,6,6
3,8,32,25,8,8
3,9,12,12,3,3
3,10,5,5,10,10
3,11,32,27,0,0
3,12,19,18,0,0
3,13,25,16,15,15
3,14,0,0,0,0
3,15,13,13,13,13
3,16,28,20,20,20
3,17,52,50,50,50
3,18,20,12,22,20
3,19,39,9,9,32
