serial_chapter,source_order,source_id,source_form,placement
1,001,REQ-01,本編,本編素材
1,002,REQ-02,本編,本編素材
1,003,REQ-03,本編,本編素材
1,006,ECO-05,本編,本編素材
1,007,ECO-06,本編,本編素材
1,024,CON-29,比較ノート,本編素材
1,008,ENG-08,本編,本編素材
2,004,REQ-04,本編,本編素材
2,008,ENG-08,本編,本編素材
2,015,REQ-12,本編,本編素材
2,009,REQ-05,本編,本編素材
3,009,REQ-05,本編,本編素材
3,023,ECO-01,本編,本編素材
3,024,CON-29,比較ノート,本編素材
3,010,REQ-06,本編,本編素材
3,027,ECO-04,技術ノート,おまけ
4,005,PRO-20,本編,本編素材
4,010,REQ-06,本編,本編素材
4,011,REQ-07,本編,本編素材
4,014,REQ-11,本編,本編素材
5,012,REQ-08,本編,本編素材
5,013,REQ-09,本編,本編素材
6,016,REQ-13,本編,本編素材
6,017,REQ-22,本編,本編素材
6,018,ARC-01,本編,本編素材
6,019,MGT-01,本編,本編素材
6,020,ARC-02,本編,本編素材
7,021,MGT-02,本編,本編素材
7,022,ARC-09,本編,本編素材
7,025,ECO-02,技術ノート,おまけ
7,026,ECO-03,技術ノート,おまけ
8,028,ECO-07,本編,本編素材
8,029,ECO-08,本編,本編素材
8,030,ECO-09,本編,本編素材
9,031,TST-02,本編,本編素材
9,032,MGT-03,本編,本編素材
9,033,TST-44,技術ノート,おまけ
10,034,MGT-04,本編,本編素材
10,035,MGT-05,本編,本編素材
10,036,MGT-06,本編,本編素材
10,037,MGT-07,本編,本編素材
10,038,MGT-10,本編,本編素材
11,039,MGT-17,本編,本編素材
11,040,ECO-10,本編,本編素材
11,063,PRO-10,本編,本編素材
11,064,PRO-13,本編,本編素材
11,065,PRO-21,本編,本編素材
11,041,ECO-13,技術ノート,おまけ
11,066,ECO-26,技術ノート,おまけ
11,067,ECO-27,技術ノート,おまけ
12,042,OPS-01,本編,本編素材
12,043,OPS-06,本編,本編素材
12,044,OPS-09,本編,本編素材
12,045,OPS-23,本編,本編素材
12,046,MNT-01,本編,本編素材
13,047,CFG-01,本編,本編素材
13,048,CFG-02,本編,本編素材
13,049,PRC-01,本編,本編素材
13,051,PRC-03,本編,本編素材
13,053,PRC-07,本編,本編素材
13,054,QUA-01,本編,本編素材
13,055,QUA-02,本編,本編素材
13,056,QUA-07,本編,本編素材
13,050,PRC-02,技術ノート,おまけ
13,052,PRC-04,比較ノート,おまけ
14,057,SEC-01,本編,本編素材
14,058,SEC-03,本編,本編素材
14,059,SEC-04,本編,本編素材
14,060,SEC-06,本編,本編素材
14,061,PRO-04,本編,本編素材
14,062,PRO-06,本編,本編素材
15,068,ECO-28,本編,本編素材
15,069,ECO-29,本編,本編素材
16,070,REQ-10,本編,本編素材
16,072,REQ-14,技術ノート,本編素材
16,073,REQ-15,本編,本編素材
16,074,REQ-16,本編,本編素材
16,075,REQ-17,本編,本編素材
16,076,REQ-18,本編,本編素材
16,077,REQ-20,本編,本編素材
16,078,REQ-21,本編,本編素材
16,079,REQ-25,本編,本編素材
16,080,ARC-03,本編,本編素材
16,081,PRC-05,本編,本編素材
16,082,ARC-04,本編,本編素材
16,071,CMP-01,技術ノート,おまけ
16,084,ARC-07,技術ノート,おまけ
17,083,ARC-05,本編,本編素材
17,085,ARC-08,本編,本編素材
17,086,ARC-10,本編,本編素材
17,087,ARC-11,本編,本編素材
17,088,DES-01,本編,本編素材
17,089,MOD-01,本編,本編素材
18,090,DES-02,本編,本編素材
18,092,DES-03,本編,本編素材
18,093,MOD-03,本編,本編素材
18,094,DES-05,本編,本編素材
18,095,MOD-04,本編,本編素材
18,096,DES-06,本編,本編素材
18,091,MOD-02,技術ノート,おまけ
18,097,MOD-05,技術ノート,おまけ
19,098,DES-07,本編,本編素材
19,100,DES-08,本編,本編素材
19,101,MOD-07,本編,本編素材
19,102,DES-09,本編,本編素材
19,103,MOD-08,本編,本編素材
19,104,DES-10,本編,本編素材
19,105,MOD-09,本編,本編素材
19,129,CMP-37,本編,本編素材
19,099,MOD-06,技術ノート,おまけ
19,124,CMP-14,比較ノート,おまけ
19,125,CMP-24,技術ノート,おまけ
19,126,CMP-25,技術ノート,おまけ
19,127,CMP-26,技術ノート,おまけ
19,128,CMP-30,技術ノート,おまけ
19,130,MTH-01,技術ノート,おまけ
19,131,MTH-02,技術ノート,おまけ
19,132,MTH-07,技術ノート,おまけ
19,133,MTH-08,技術ノート,おまけ
19,134,MTH-11,技術ノート,おまけ
20,106,DES-11,本編,本編素材
20,109,DES-14,本編,本編素材
20,110,MOD-17,本編,本編素材
20,111,DES-15,本編,本編素材
20,113,DES-21,本編,本編素材
20,114,DES-25,本編,本編素材
20,115,TST-03,本編,本編素材
20,117,SEC-07,本編,本編素材
20,120,PRO-14,本編,本編素材
20,121,PRO-16,本編,本編素材
20,122,PRO-19,本編,本編素材
20,123,PRO-22,本編,本編素材
20,107,DES-13,技術ノート,おまけ
20,108,MOD-12,比較ノート,おまけ
20,112,DES-19,技術ノート,おまけ
20,116,QUA-03,比較ノート,おまけ
20,118,SEC-08,技術ノート,おまけ
20,119,SEC-09,技術ノート,おまけ
21,135,ENG-03,本編,本編素材
21,139,ENG-14,本編,本編素材
21,136,ENG-04,技術ノート,おまけ
21,137,ENG-05,技術ノート,おまけ
21,138,ENG-06,技術ノート,おまけ
22,149,MGT-09,本編,本編素材
22,150,CMP-19,本編,本編素材
22,151,CMP-20,本編,本編素材
22,158,DES-04,本編,本編素材
22,159,MGT-11,本編,本編素材
22,161,MGT-12,本編,本編素材
22,163,MGT-19,本編,本編素材
22,140,CMP-02,技術ノート,おまけ
22,141,CMP-06,技術ノート,おまけ
22,142,CMP-07,技術ノート,おまけ
22,143,CMP-08,技術ノート,おまけ
22,144,CMP-09,技術ノート,おまけ
22,145,CMP-15,技術ノート,おまけ
22,146,CMP-16,技術ノート,おまけ
22,147,CMP-17,技術ノート,おまけ
22,148,CMP-18,技術ノート,おまけ
22,152,CMP-27,技術ノート,おまけ
22,153,CMP-32,技術ノート,おまけ
22,154,CMP-33,技術ノート,おまけ
22,155,MTH-10,技術ノート,おまけ
22,156,MTH-12,技術ノート,おまけ
22,157,MTH-13,技術ノート,おまけ
22,160,DES-16,技術ノート,おまけ
22,162,DES-20,技術ノート,おまけ
22,164,DES-22,技術ノート,おまけ
22,165,MTH-14,技術ノート,おまけ
22,166,DES-23,技術ノート,おまけ
22,167,MTH-16,技術ノート,おまけ
22,168,MTH-20,技術ノート,おまけ
22,169,ENG-17,技術ノート,おまけ
23,170,CON-01,本編,本編素材
23,171,PRC-06,本編,本編素材
23,172,CON-02,本編,本編素材
23,173,PRC-09,本編,本編素材
23,174,CON-03,本編,本編素材
23,175,CON-04,本編,本編素材
23,176,CON-05,本編,本編素材
23,177,CON-06,本編,本編素材
23,178,CON-08,本編,本編素材
23,180,CON-10,本編,本編素材
23,179,CON-09,技術ノート,おまけ
24,181,CON-11,本編,本編素材
24,182,CON-13,本編,本編素材
24,187,MOD-18,本編,本編素材
24,189,CON-17,本編,本編素材
24,190,CON-19,本編,本編素材
24,183,MOD-13,技術ノート,おまけ
24,184,CON-14,技術ノート,おまけ
24,185,MOD-16,技術ノート,おまけ
24,186,CON-15,技術ノート,おまけ
24,188,CON-16,技術ノート,おまけ
25,194,CON-26,本編,本編素材
25,195,CON-28,本編,本編素材
25,196,QUA-10,本編,本編素材
25,197,QUA-11,本編,本編素材
25,199,TST-01,本編,本編素材
25,200,OPS-08,本編,本編素材
25,201,TST-10,本編,本編素材
25,202,OPS-03,本編,本編素材
25,191,CON-21,技術ノート,おまけ
25,192,CON-22,技術ノート,おまけ
25,193,CON-23,技術ノート,おまけ
25,198,QUA-13,技術ノート,おまけ
25,203,OPS-24,技術ノート,おまけ
26,204,CFG-03,本編,本編素材
26,205,CFG-04,本編,本編素材
26,206,CFG-05,本編,本編素材
26,207,CFG-07,本編,本編素材
26,208,CFG-10,本編,本編素材
26,209,CFG-16,本編,本編素材
26,210,SEC-10,本編,本編素材
26,211,SEC-11,本編,本編素材
26,212,PRO-08,本編,本編素材
26,213,PRO-09,本編,本編素材
26,214,PRO-17,本編,本編素材
26,215,PRO-18,本編,本編素材
26,216,PRO-23,本編,本編素材
27,217,PRO-24,本編,本編素材
28,220,MOD-11,本編,本編素材
28,221,ARC-13,本編,本編素材
28,218,REQ-26,技術ノート,おまけ
28,219,ARC-12,技術ノート,おまけ
28,222,MOD-14,技術ノート,おまけ
28,223,MOD-15,技術ノート,おまけ
28,224,MTH-03,技術ノート,おまけ
28,225,MTH-04,技術ノート,おまけ
28,226,MTH-05,技術ノート,おまけ
28,227,MTH-06,技術ノート,おまけ
28,228,MTH-17,技術ノート,おまけ
29,229,DES-26,本編,本編素材
29,230,MGT-13,本編,本編素材
29,231,DES-28,本編,本編素材
29,232,PRO-02,本編,本編素材
29,233,CON-12,本編,本編素材
29,236,QUA-12,本編,本編素材
29,239,QUA-16,本編,本編素材
29,234,QUA-04,技術ノート,おまけ
29,235,QUA-05,比較ノート,おまけ
29,237,QUA-14,技術ノート,おまけ
29,238,QUA-15,技術ノート,おまけ
30,240,TST-04,本編,本編素材
30,241,OPS-07,本編,本編素材
30,242,TST-05,本編,本編素材
30,244,OPS-05,本編,本編素材
30,243,TST-06,技術ノート,おまけ
31,245,TST-07,本編,本編素材
31,246,SEC-12,本編,本編素材
31,247,TST-08,本編,本編素材
31,248,SEC-13,本編,本編素材
31,249,TST-11,本編,本編素材
31,250,SEC-14,本編,本編素材
31,252,PRO-12,本編,本編素材
31,251,TST-12,技術ノート,おまけ
32,253,TST-13,本編,本編素材
32,255,TST-16,本編,本編素材
32,256,TST-17,本編,本編素材
32,257,TST-18,本編,本編素材
32,258,OPS-02,本編,本編素材
32,259,TST-19,本編,本編素材
32,254,CMP-36,技術ノート,おまけ
32,260,TST-21,技術ノート,おまけ
32,261,TST-22,技術ノート,おまけ
32,262,TST-23,技術ノート,おまけ
32,263,TST-24,技術ノート,おまけ
32,264,TST-25,技術ノート,おまけ
32,265,TST-26,技術ノート,おまけ
33,266,TST-27,本編,本編素材
33,268,TST-30,技術ノート,本編素材
33,267,TST-28,技術ノート,おまけ
34,269,OPS-11,本編,本編素材
34,271,OPS-12,本編,本編素材
34,273,OPS-13,本編,本編素材
34,278,TST-39,本編,本編素材
34,270,TST-31,技術ノート,おまけ
34,272,TST-32,技術ノート,おまけ
34,274,TST-34,技術ノート,おまけ
34,275,CMP-29,技術ノート,おまけ
34,276,TST-36,技術ノート,おまけ
34,277,ENG-12,技術ノート,おまけ
34,279,ENG-13,技術ノート,おまけ
35,280,TST-40,本編,本編素材
35,281,TST-41,本編,本編素材
35,282,TST-43,本編,本編素材
35,284,OPS-14,本編,本編素材
35,283,TST-49,技術ノート,おまけ
36,285,CFG-08,本編,本編素材
36,286,CFG-09,本編,本編素材
36,287,CFG-14,本編,本編素材
36,288,CFG-15,本編,本編素材
37,289,OPS-15,本編,本編素材
38,290,CFG-17,本編,本編素材
38,291,OPS-16,本編,本編素材
39,292,OPS-19,本編,本編素材
40,293,OPS-20,本編,本編素材
40,294,CFG-12,本編,本編素材
41,295,TST-09,本編,本編素材
41,296,MGT-14,本編,本編素材
41,297,TST-14,本編,本編素材
42,298,TST-20,本編,本編素材
43,299,TST-33,本編,本編素材
43,300,TST-35,本編,本編素材
44,301,PRC-08,本編,本編素材
44,302,PRO-26,本編,本編素材
45,303,CMP-35,本編,本編素材
46,304,OPS-17,本編,本編素材
47,304,OPS-17,本編,本編素材
48,304,OPS-17,本編,本編素材
48,305,OPS-04,本編,本編素材
49,305,OPS-04,本編,本編素材
49,306,OPS-10,本編,本編素材
50,307,CON-27,本編,本編素材
50,308,OPS-21,本編,本編素材
50,309,CFG-13,本編,本編素材
50,310,MGT-08,本編,本編素材
50,311,ECO-19,技術ノート,おまけ
50,312,ECO-20,技術ノート,おまけ
50,313,CMP-10,技術ノート,おまけ
50,314,CMP-11,技術ノート,おまけ
51,315,CMP-12,技術ノート,おまけ
51,316,CMP-13,技術ノート,おまけ
51,317,CMP-21,技術ノート,おまけ
51,318,CMP-22,技術ノート,おまけ
51,319,CMP-23,技術ノート,おまけ
52,320,CMP-31,技術ノート,おまけ
52,321,CMP-34,技術ノート,おまけ
53,322,ENG-23,本編,本編素材
53,323,ENG-24,技術ノート,おまけ
54,304,OPS-17,本編,本編素材
54,306,OPS-10,本編,本編素材
54,307,CON-27,本編,本編素材
54,308,OPS-21,本編,本編素材
54,309,CFG-13,本編,本編素材
54,310,MGT-08,本編,本編素材
54,322,ENG-23,本編,本編素材
55,324,REQ-19,本編,本編素材
55,325,REQ-23,本編,本編素材
56,326,SEC-15,本編,本編素材
56,327,SEC-16,本編,本編素材
56,328,PRO-25,本編,本編素材
56,329,MTH-09,技術ノート,おまけ
57,330,DES-12,本編,本編素材
57,331,OPS-18,本編,本編素材
57,332,DES-18,本編,本編素材
57,333,CON-20,本編,本編素材
58,334,OPS-22,本編,本編素材
58,335,MNT-02,本編,本編素材
58,337,MNT-04,本編,本編素材
58,338,MNT-05,本編,本編素材
58,336,MNT-03,技術ノート,おまけ
59,339,TST-15,本編,本編素材
59,340,MNT-06,本編,本編素材
59,341,TST-42,本編,本編素材
59,342,MNT-07,本編,本編素材
59,343,MNT-08,本編,本編素材
59,344,MNT-09,本編,本編素材
59,345,MNT-10,本編,本編素材
60,346,MNT-12,本編,本編素材
60,347,MNT-13,本編,本編素材
60,348,MNT-15,本編,本編素材
60,349,MNT-16,本編,本編素材
61,350,MNT-18,本編,本編素材
61,351,MNT-19,本編,本編素材
61,352,CFG-06,本編,本編素材
62,353,CFG-11,本編,本編素材
62,354,PRC-11,本編,本編素材
62,355,PRC-14,本編,本編素材
63,356,MOD-10,本編,本編素材
63,357,QUA-09,本編,本編素材
63,358,ENG-25,本編,本編素材
64,359,REQ-24,本編,本編素材
64,360,ARC-14,本編,本編素材
64,370,MNT-14,本編,本編素材
64,391,ENG-07,本編,本編素材
64,361,CMP-28,技術ノート,おまけ
64,362,MTH-18,技術ノート,おまけ
64,363,MTH-19,技術ノート,おまけ
64,364,MTH-21,技術ノート,おまけ
64,365,MTH-22,技術ノート,おまけ
64,366,MTH-23,技術ノート,おまけ
64,367,MTH-24,技術ノート,おまけ
64,368,MTH-25,技術ノート,おまけ
64,369,DES-27,技術ノート,おまけ
65,371,CON-07,本編,本編素材
65,372,MGT-18,本編,本編素材
65,373,CON-25,本編,本編素材
65,375,PRC-10,本編,本編素材
65,374,TST-29,技術ノート,おまけ
65,376,TST-37,技術ノート,おまけ
65,377,PRC-12,技術ノート,おまけ
65,378,TST-38,技術ノート,おまけ
65,379,PRC-13,比較ノート,おまけ
66,380,QUA-06,本編,本編素材
66,381,QUA-08,本編,本編素材
66,382,QUA-17,本編,本編素材
66,384,PRO-05,本編,本編素材
66,385,ECO-12,本編,本編素材
66,383,SEC-02,比較ノート,おまけ
67,386,ECO-23,本編,本編素材
67,388,ECO-25,本編,本編素材
67,387,ECO-24,技術ノート,おまけ
68,389,ECO-31,本編,本編素材
69,390,ECO-33,本編,本編素材
69,392,ENG-09,本編,本編素材
71,393,ENG-10,技術ノート,おまけ
71,394,ENG-11,技術ノート,おまけ
71,395,ENG-15,技術ノート,おまけ
71,396,ENG-16,技術ノート,おまけ
71,397,ENG-18,技術ノート,おまけ
71,398,ENG-19,技術ノート,おまけ
71,399,ENG-20,技術ノート,おまけ
72,400,ENG-21,本編,本編素材
73,406,ARC-06,比較ノート,本編素材
73,407,MNT-17,本編,本編素材
73,408,DES-17,技術ノート,本編素材
73,401,CMP-03,比較ノート,おまけ
73,402,CMP-04,技術ノート,おまけ
73,403,CMP-05,比較ノート,おまけ
73,404,MTH-15,比較ノート,おまけ
73,405,MTH-26,比較ノート,おまけ
73,409,SEC-05,比較ノート,おまけ
73,410,DES-24,技術ノート,おまけ
73,411,CON-18,技術ノート,おまけ
74,412,SEC-17,比較ノート,本編素材
74,413,CON-24,比較ノート,本編素材
74,415,SEC-18,比較ノート,本編素材
74,418,TST-48,技術ノート,本編素材
74,433,CMP-39,比較ノート,本編素材
74,414,TST-45,比較ノート,おまけ
74,416,TST-46,比較ノート,おまけ
74,417,TST-47,比較ノート,おまけ
74,419,TST-50,比較ノート,おまけ
74,420,TST-51,技術ノート,おまけ
75,421,PRO-07,比較ノート,おまけ
75,422,PRO-11,比較ノート,おまけ
75,423,ECO-11,比較ノート,おまけ
75,424,ECO-14,技術ノート,おまけ
75,425,ECO-17,比較ノート,おまけ
75,426,ECO-18,比較ノート,おまけ
75,427,ECO-21,技術ノート,おまけ
75,428,ECO-22,技術ノート,おまけ
75,429,ECO-30,比較ノート,おまけ
75,430,ECO-32,比較ノート,おまけ
75,431,ECO-34,比較ノート,おまけ
75,432,ECO-36,技術ノート,おまけ
76,434,CMP-40,比較ノート,本編素材
76,436,CMP-42,比較ノート,本編素材
76,437,CMP-43,比較ノート,本編素材
76,435,CMP-41,比較ノート,おまけ
77,438,CMP-44,本編,本編素材
77,439,MTH-27,比較ノート,おまけ
77,440,MTH-28,比較ノート,おまけ
78,441,ENG-26,比較ノート,本編素材
78,407,MNT-17,本編,本編素材
78,438,CMP-44,本編,本編素材
79,442,MNT-11,本編,本編素材
80,443,MNT-20,本編,本編素材
81,445,PRO-03,本編,本編素材
81,444,PRO-01,比較ノート,おまけ
82,446,PRO-15,本編,本編素材
83,446,PRO-15,本編,本編素材
83,447,CMP-38,本編,本編素材
84,447,CMP-38,本編,本編素材
85,448,ENG-02,比較ノート,本編素材
86,449,ENG-22,本編,本編素材
87,442,MNT-11,本編,本編素材
87,446,PRO-15,本編,本編素材
87,449,ENG-22,本編,本編素材
88,450,ECO-15,本編,本編素材
89,450,ECO-15,本編,本編素材
90,450,ECO-15,本編,本編素材
91,451,ECO-16,本編,本編素材
92,451,ECO-16,本編,本編素材
93,452,ECO-35,本編,本編素材
94,453,MGT-15,本編,本編素材
94,454,MGT-16,本編,本編素材
96,455,ENG-01,本編,本編素材
96,456,APP-01,付録ガイド,おまけ
96,457,APP-02,付録ガイド,おまけ
96,458,APP-03,付録ガイド,おまけ
