話ID,通読順,部番号,部,連載アーク,時期,ドラマタイトル,サブタイトル,形式,出演
REQ-01,1,1,発端・現場を知る,腹ぺこの約束,開始〜1か月,その一食を、取り戻せ,最後の一食を、二人に約束した,本編,青井遥・坂本誠・佐伯真帆
REQ-02,2,1,発端・現場を知る,腹ぺこの約束,開始〜1か月,会議室の、空いていた席,会議にいない人も、利用者だった,本編,青井遥・水野真紀・坂本誠・受け渡し係
REQ-03,3,1,発端・現場を知る,腹ぺこの約束,開始〜1か月,昼の青葉店に、置いていかれる,「いつも通り」を見に行く,本編,青井遥・坂本誠
REQ-04,4,1,発端・現場を知る,腹ぺこの約束,開始〜1か月,店長の「大丈夫」を破れ,質問を変えたら、例外が出てきた,本編,青井遥・水野真紀・坂本誠・立花千夏
PRO-20,5,1,発端・現場を知る,腹ぺこの約束,開始〜1か月,本部の言葉、厨房の言葉,同じ説明を、全員にしない,本編,青井遥・水野真紀・坂本誠・小野寺恵
ECO-05,6,1,発端・現場を知る,腹ぺこの約束,開始〜1か月,店長の勘に、値札はない,店長の勘も、会社の資産,本編,小野寺恵・坂本誠・水野真紀・常連客
ECO-06,7,1,発端・現場を知る,腹ぺこの約束,開始〜1か月,アプリ屋には、ならない,アプリではなく、弁当を届ける会社,本編,小野寺恵・坂本誠・青井遥
ENG-08,8,1,発端・現場を知る,腹ぺこの約束,開始〜1か月,森は、何も言わなかった,店の仕事を、変えずに見る,本編,青井遥・森理沙・坂本誠
REQ-05,9,2,投資と範囲を決める,三千万円の挑戦状,2か月目,半年後に、席をくれ,「半年で作る」は、画面の仕様ではない,本編,青井遥・水野真紀・小野寺恵・坂本誠
REQ-06,10,2,投資と範囲を決める,三千万円の挑戦状,2か月目,売り切れに、勝てない画面,「注文できる」だけでは足りない,本編,青井遥・森理沙・坂本誠
REQ-07,11,2,投資と範囲を決める,三千万円の挑戦状,2か月目,古い端末は、引退しない,「この端末を使う」は誰の条件？,本編,青井遥・藤堂直人・小野寺恵
REQ-08,12,2,投資と範囲を決める,三千万円の挑戦状,2か月目,一秒より、一本の腕,「一瞬で表示」に値札を付ける,本編,藤堂直人・小野寺恵・坂本誠・青井遥
REQ-09,13,2,投資と範囲を決める,三千万円の挑戦状,2か月目,出口は、一つしかない,アプリが速くても、弁当は渡せない,本編,青井遥・坂本誠・相原健太
REQ-11,14,2,投資と範囲を決める,三千万円の挑戦状,2か月目,終わったはずの、聞き取り,要求定義は、いつ終わるのか,本編,青井遥・水野真紀・小野寺恵
REQ-12,15,2,投資と範囲を決める,三千万円の挑戦状,2か月目,森の赤ペンを、止めろ,一文に三つの約束が入っていた,本編,青井遥・森理沙
REQ-13,16,2,投資と範囲を決める,三千万円の挑戦状,2か月目,正午の、譲れない二人,予約を増やしたい本部、止めたい店舗,本編,水野真紀・小野寺恵・坂本誠
REQ-22,17,2,投資と範囲を決める,三千万円の挑戦状,2か月目,全部のせは、倒れる,全部「必須」では、何も選べない,本編,水野真紀・小野寺恵・坂本誠・青井遥
ARC-01,18,2,投資と範囲を決める,三千万円の挑戦状,2か月目,この地図に、店はあるか,箱と矢印だけが、アーキテクチャではない,本編,青井遥・藤堂直人
MGT-01,19,2,投資と範囲を決める,三千万円の挑戦状,2か月目,追加注文は、こちらまで,合意した範囲を、更新し続ける,本編,水野真紀・小野寺恵・坂本誠
ARC-02,20,2,投資と範囲を決める,三千万円の挑戦状,2か月目,三人とも、違う場所を見ていた,同じ図を見ても、心配ごとは違う,本編,藤堂直人・坂本誠・相原健太・小野寺恵・青井遥
MGT-02,21,2,投資と範囲を決める,三千万円の挑戦状,2か月目,「できる」の先を、見せてくれ,できそう、を確かめる,本編,水野真紀・藤堂直人・相原健太・小野寺恵
ARC-09,22,2,投資と範囲を決める,三千万円の挑戦状,2か月目,その話は、正午までに,すべての要求が、同じ重さではない,本編,藤堂直人・相原健太・小野寺恵・青井遥
ECO-01,23,2,投資と範囲を決める,三千万円の挑戦状,2か月目,自作派の、机の外,作る以外の案も、机に載せる,本編,小野寺恵・水野真紀・藤堂直人・青井遥・真柴蓮
CON-29,24,2,投資と範囲を決める,三千万円の挑戦状,2か月目,三十分で、店ができた？,画面を組めば、システムが完成する？,比較ノート,青井遥・藤堂直人・小野寺恵・森理沙・真柴蓮
ECO-02,25,2,投資と範囲を決める,三千万円の挑戦状,2か月目,弁当代が戻る前に,お金は、いつ出て、いつ入る？,技術ノート,小野寺恵・水野真紀
ECO-03,26,2,投資と範囲を決める,三千万円の挑戦状,2か月目,未来のお金で、今日は買えない,今日の百万円と、五年後の百万円,技術ノート,小野寺恵・水野真紀・藤堂直人
ECO-04,27,2,投資と範囲を決める,三千万円の挑戦状,2か月目,二つの一位,違う物差しで、順位を付けない,技術ノート,小野寺恵・水野真紀
ECO-07,28,2,投資と範囲を決める,三千万円の挑戦状,2か月目,廃棄箱の前で、止まれ,その投資は、何の問題を解く？,本編,小野寺恵・水野真紀・坂本誠
ECO-08,29,2,投資と範囲を決める,三千万円の挑戦状,2か月目,まだ、三つ目がある,候補にない案は、選べない,本編,小野寺恵・水野真紀・藤堂直人
ECO-09,30,2,投資と範囲を決める,三千万円の挑戦状,2か月目,安さの下に、隠したもの,安い案の、抜けている費用,本編,水野真紀・小野寺恵・藤堂直人
TST-02,31,2,投資と範囲を決める,三千万円の挑戦状,2か月目,赤ペンの持ち主、入場,テスト担当は、最後に来る人ではない,本編,青井遥・森理沙・水野真紀・坂本誠
MGT-03,32,2,投資と範囲を決める,三千万円の挑戦状,2か月目,箱の中身は、アプリだけ？,完成品のほかに、何を渡す？,本編,水野真紀・藤堂直人・森理沙・相原健太・青井遥
TST-44,33,2,投資と範囲を決める,三千万円の挑戦状,2か月目,速く走るなら、足元を,工程が違っても、確認はなくならない,技術ノート,森理沙・水野真紀・藤堂直人・青井遥
MGT-04,34,2,投資と範囲を決める,三千万円の挑戦状,2か月目,六か月を、言い切った人,六か月の根拠を、聞かれる,本編,水野真紀・藤堂直人・小野寺恵
MGT-05,35,2,投資と範囲を決める,三千万円の挑戦状,2か月目,五人で、五人分じゃない,五人いるから、五人分？,本編,水野真紀・藤堂直人・森理沙・相原健太・青井遥
MGT-06,36,2,投資と範囲を決める,三千万円の挑戦状,2か月目,鳴る前の、警報,まだ起きていない問題を、書く,本編,水野真紀・藤堂直人・相原健太・青井遥
MGT-07,37,2,投資と範囲を決める,三千万円の挑戦状,2か月目,消してはいけない、三十分,品質を守る時間を、先に取る,本編,水野真紀・森理沙・藤堂直人
MGT-10,38,2,投資と範囲を決める,三千万円の挑戦状,2か月目,安い箱には、何が入る,買うものにも、受入条件を,本編,水野真紀・藤堂直人・小野寺恵
MGT-17,39,2,投資と範囲を決める,三千万円の挑戦状,2か月目,その数字、誰が食べる？,測定を始める前に、目的をそろえる,本編,水野真紀・森理沙・小野寺恵
ECO-10,40,2,投資と範囲を決める,三千万円の挑戦状,2か月目,一位が、入れ替わる夜,少し前提が変わると、逆転する,本編,小野寺恵・水野真紀・藤堂直人
ECO-13,41,2,投資と範囲を決める,三千万円の挑戦状,2か月目,そのお金には、別の行き先がある,このお金を、別のことに使うなら,技術ノート,小野寺恵・水野真紀
OPS-01,42,2,投資と範囲を決める,三千万円の挑戦状,2か月目,相原の椅子を、前へ,運用担当を、最初の会議に呼ぶ,本編,相原健太・水野真紀・坂本誠
OPS-06,43,2,投資と範囲を決める,三千万円の挑戦状,2か月目,この番号は、眠れない,夜の連絡先が、個人の携帯だった,本編,相原健太・水野真紀・小野寺恵
OPS-09,44,2,投資と範囲を決める,三千万円の挑戦状,2か月目,佐伯さんの、十分間,月の稼働率より、昼休みの十分,本編,相原健太・小野寺恵・坂本誠・佐伯真帆
OPS-23,45,2,投資と範囲を決める,三千万円の挑戦状,2か月目,五人で守る、小さな城,小さなチームの、続けられる運用,本編,相原健太・藤堂直人・水野真紀
MNT-01,46,2,投資と範囲を決める,三千万円の挑戦状,2か月目,納品の翌朝、誰が来る,納品後に変わることも、仕事に入れる,本編,水野真紀・藤堂直人・小野寺恵
CFG-01,47,2,投資と範囲を決める,三千万円の挑戦状,2か月目,消えたのは、コードじゃない,管理するのは、コードだけ？,本編,相原健太・水野真紀・青井遥
CFG-02,48,2,投資と範囲を決める,三千万円の挑戦状,2か月目,誰も押さない、承認ボタン,承認する人と、作業する人,本編,水野真紀・相原健太・藤堂直人
PRC-01,49,2,投資と範囲を決める,三千万円の挑戦状,2か月目,「いつもどおり」が、分からない,仕事の流れを、言葉にする,本編,水野真紀・青井遥・森理沙
PRC-02,50,2,投資と範囲を決める,三千万円の挑戦状,2か月目,設計は終わった。設計をしよう,工程の名前と、仕事の中身,技術ノート,水野真紀・青井遥
PRC-03,51,2,投資と範囲を決める,三千万円の挑戦状,2か月目,流行の靴で、厨房へ行くな,進め方にも、選ぶ理由がある,本編,水野真紀・藤堂直人・小野寺恵
PRC-04,52,2,投資と範囲を決める,三千万円の挑戦状,2か月目,一直線派と、寄り道派,一度に固めるか、少しずつ確かめるか,比較ノート,水野真紀・藤堂直人・青井遥
PRC-07,53,2,投資と範囲を決める,三千万円の挑戦状,2か月目,分厚い鎧を、脱ぐ日,標準を、小さなチームへ合わせる,本編,水野真紀・藤堂直人・森理沙
QUA-01,54,2,投資と範囲を決める,三千万円の挑戦状,2か月目,赤い札を、一人で持つな,品質は、森さんだけの仕事ではない,本編,森理沙・水野真紀・青井遥・藤堂直人
QUA-02,55,2,投資と範囲を決める,三千万円の挑戦状,2か月目,三十分を、どこで払う,確認に使う時間は、無駄ですか,本編,森理沙・水野真紀・小野寺恵・坂本誠
QUA-07,56,2,投資と範囲を決める,三千万円の挑戦状,2か月目,「高品質」だけでは、動けない,品質目標を、作業へ落とす,本編,森理沙・水野真紀・藤堂直人・青井遥
SEC-01,57,2,投資と範囲を決める,三千万円の挑戦状,2か月目,鍵のある、空っぽの店,守るのは、パスワードだけ？,本編,相原健太・藤堂直人・小野寺恵
SEC-03,58,2,投資と範囲を決める,三千万円の挑戦状,2か月目,注文表は、本部にも届く,安全のルールを、会社の仕事に,本編,相原健太・水野真紀・小野寺恵
SEC-04,59,2,投資と範囲を決める,三千万円の挑戦状,2か月目,最後の診断を、待たない,最後に診断すれば、大丈夫？,本編,相原健太・青井遥・森理沙・水野真紀
SEC-06,60,2,投資と範囲を決める,三千万円の挑戦状,2か月目,招かれない客の、注文票,起きてほしくない使い方も、要求へ,本編,相原健太・藤堂直人・坂本誠
PRO-04,61,2,投資と範囲を決める,三千万円の挑戦状,2か月目,「標準」の旗を、振り回すな,標準だから、全部必須ですか,本編,水野真紀・藤堂直人・森理沙
PRO-06,62,2,投資と範囲を決める,三千万円の挑戦状,2か月目,助っ人に渡す、最初の一枚,誰の仕事で、誰の成果物か,本編,水野真紀・藤堂直人・青井遥
PRO-10,63,2,投資と範囲を決める,三千万円の挑戦状,2か月目,その約束には、名前を書く,任された責任を、曖昧にしない,本編,水野真紀・藤堂直人・小野寺恵
PRO-13,64,2,投資と範囲を決める,三千万円の挑戦状,2か月目,弁当ひとつに、聞きすぎです,予約に、本当に必要な情報？,本編,小野寺恵・水野真紀・相原健太・佐伯真帆
PRO-21,65,2,投資と範囲を決める,三千万円の挑戦状,2か月目,「たぶん」を、捕まえろ,分からないことを、分けて書く,本編,水野真紀・藤堂直人・青井遥
ECO-26,66,2,投資と範囲を決める,三千万円の挑戦状,2か月目,前の店と、この店と,経験を、見積もりの根拠にする,技術ノート,水野真紀・藤堂直人
ECO-27,67,2,投資と範囲を決める,三千万円の挑戦状,2か月目,二人の答えが、ぶつかった,分けて積むか、関係式を使うか,技術ノート,水野真紀・藤堂直人・青井遥
ECO-28,68,2,投資と範囲を決める,三千万円の挑戦状,2か月目,平均したら、消えるもの,二つの見積もりが、食い違った,本編,水野真紀・藤堂直人・小野寺恵
ECO-29,69,2,投資と範囲を決める,三千万円の挑戦状,2か月目,三千万円の、その一席,投資する理由を、一枚にする,本編,小野寺恵・水野真紀・藤堂直人・青井遥・真柴蓮
REQ-10,70,3,予約の約束を形にする,紙の店で、迎え撃て,3か月目,藤堂からの、絶対命令？,設計の決定が、別チームの要求になる,本編,青井遥・藤堂直人・相原健太
CMP-01,71,3,予約の約束を形にする,紙の店で、迎え撃て,3か月目,画面の裏へ、降りていけ,画面の向こうに、仕組みがある,技術ノート,青井遥・藤堂直人
REQ-14,72,3,予約の約束を形にする,紙の店で、迎え撃て,3か月目,最後の一食を、二度渡すな,「絶対に超えない」を確かめたい,技術ノート,青井遥・藤堂直人・森理沙
REQ-15,73,3,予約の約束を形にする,紙の店で、迎え撃て,3か月目,返すのは、お金か、弁当か,「適切に処理する」を書き直す,本編,青井遥・森理沙・坂本誠
REQ-16,74,3,予約の約束を形にする,紙の店で、迎え撃て,3か月目,その完成、店長が認めない,完成の条件を、作る前に決める,本編,青井遥・森理沙・坂本誠
REQ-17,75,3,予約の約束を形にする,紙の店で、迎え撃て,3か月目,三枚の「予約済み」,「注文済み」を図にしてみる,本編,青井遥・藤堂直人・坂本誠
REQ-18,76,3,予約の約束を形にする,紙の店で、迎え撃て,3か月目,差出人のいない、お願い,この要求、誰が言ったんだっけ,本編,青井遥・水野真紀
REQ-20,77,3,予約の約束を形にする,紙の店で、迎え撃て,3か月目,全員の丸、誰の目？,全員承認なのに、誰も見ていない,本編,青井遥・森理沙・坂本誠
REQ-21,78,3,予約の約束を形にする,紙の店で、迎え撃て,3か月目,紙の店、本日開店,紙の画面で、行列が見えた,本編,青井遥・坂本誠・佐伯真帆
REQ-25,79,3,予約の約束を形にする,紙の店で、迎え撃て,3か月目,新しい棚の、同じ迷子,道具を入れても、合意は増えない,本編,水野真紀・青井遥・森理沙
ARC-03,80,3,予約の約束を形にする,紙の店で、迎え撃て,3か月目,蓮の知らない、店の地図,構成を残すのは、今日の会議のためだけではない,本編,藤堂直人・青井遥・水野真紀・真柴蓮
PRC-05,81,3,予約の約束を形にする,紙の店で、迎え撃て,3か月目,会議は通った。線は通らない,管理の区切りだけでは、設計できない,本編,藤堂直人・水野真紀・森理沙
ARC-04,82,3,予約の約束を形にする,紙の店で、迎え撃て,3か月目,地図を一枚、剥がせ,一枚に全部描いたら、誰にも伝わらない,本編,藤堂直人・青井遥・相原健太
ARC-05,83,3,予約の約束を形にする,紙の店で、迎え撃て,3か月目,五人には、大きすぎる城,流行の構成を、そのまま借りない,本編,藤堂直人・相原健太・青井遥
ARC-07,84,3,予約の約束を形にする,紙の店で、迎え撃て,3か月目,矢印一本で、別の店,図の読み方にも、約束が要る,技術ノート,藤堂直人・青井遥・森理沙
ARC-08,85,3,予約の約束を形にする,紙の店で、迎え撃て,3か月目,却下した城が、戻ってきた,採らなかった案も、理由を残す,本編,藤堂直人・水野真紀・相原健太・真柴蓮
ARC-10,86,3,予約の約束を形にする,紙の店で、迎え撃て,3か月目,二枚目の地図を、描け,最初の一案で、決めない,本編,藤堂直人・青井遥・相原健太
ARC-11,87,3,予約の約束を形にする,紙の店で、迎え撃て,3か月目,きれいな城に、住めますか,「よい構成」は、何に対してよいのか,本編,藤堂直人・森理沙・小野寺恵
DES-01,88,3,予約の約束を形にする,紙の店で、迎え撃て,3か月目,その画面に、手が届かない,答えを描く前に、問題を描く,本編,青井遥・藤堂直人・坂本誠
MOD-01,89,3,予約の約束を形にする,紙の店で、迎え撃て,3か月目,店を全部、持ち歩くな,すべてを描かない、勇気,本編,藤堂直人・青井遥・坂本誠
DES-02,90,3,予約の約束を形にする,紙の店で、迎え撃て,3か月目,出口の違う、二つの部品,外から見える約束と、中の作り方,本編,青井遥・藤堂直人
MOD-02,91,3,予約の約束を形にする,紙の店で、迎え撃て,3か月目,「送る」は、どちらの声？,同じ矢印が、違う意味,技術ノート,藤堂直人・青井遥・森理沙
DES-03,92,3,予約の約束を形にする,紙の店で、迎え撃て,3か月目,店長に、裏口を使わせるな,店長に、データベースの都合を見せない,本編,青井遥・藤堂直人・坂本誠
MOD-03,93,3,予約の約束を形にする,紙の店で、迎え撃て,3か月目,取消の前に、止まれ,操作の前と後に、約束を置く,本編,藤堂直人・青井遥・森理沙
DES-05,94,3,予約の約束を形にする,紙の店で、迎え撃て,3か月目,せーので、一個を取れ,二人とも「残り一個」を見た,本編,青井遥・藤堂直人・森理沙
MOD-04,95,3,予約の約束を形にする,紙の店で、迎え撃て,3か月目,一食の番人は、眠らない,最後の一食を守る、変わらない条件,本編,藤堂直人・青井遥・森理沙
DES-06,96,3,予約の約束を形にする,紙の店で、迎え撃て,3か月目,閉じた画面から、知らせが来る,「支払い済み」の知らせは、後から来る,本編,青井遥・藤堂直人・相原健太
MOD-05,97,3,予約の約束を形にする,紙の店で、迎え撃て,3か月目,同じ弁当、別々の明日,何があり、どう結び付くか,技術ノート,藤堂直人・青井遥・坂本誠
DES-07,98,3,予約の約束を形にする,紙の店で、迎え撃て,3か月目,消えた注文の、行方,画面を閉じても、注文は残る？,本編,青井遥・藤堂直人・坂本誠
MOD-06,99,3,予約の約束を形にする,紙の店で、迎え撃て,3か月目,準備中の札が、逃げた,いつ、何に反応するか,技術ノート,藤堂直人・青井遥・森理沙・坂本誠
DES-08,100,3,予約の約束を形にする,紙の店で、迎え撃て,3か月目,線が切れても、客は帰らない,別々の機械で、一つの仕事をする,本編,藤堂直人・相原健太・青井遥
MOD-07,101,3,予約の約束を形にする,紙の店で、迎え撃て,3か月目,いつまで待てば、いいんですか,図にない出来事は、どうなる？,本編,森理沙・藤堂直人・青井遥
DES-09,102,3,予約の約束を形にする,紙の店で、迎え撃て,3か月目,誰も買えない、取り置き弁当,失敗したら、何を残すのか,本編,青井遥・藤堂直人・森理沙
MOD-08,103,3,予約の約束を形にする,紙の店で、迎え撃て,3か月目,二枚の地図の、裏切り,二つの図が、違うことを言う,本編,森理沙・藤堂直人・青井遥
DES-10,104,3,予約の約束を形にする,紙の店で、迎え撃て,3か月目,二つの番号、一つの唐揚げ,同じ「商品番号」なのに、つながらない,本編,青井遥・藤堂直人・坂本誠
MOD-09,105,3,予約の約束を形にする,紙の店で、迎え撃て,3か月目,満点の図に、店長の「違う」,文法は正しい。でも、店では違う,本編,森理沙・藤堂直人・坂本誠・青井遥
DES-11,106,3,予約の約束を形にする,紙の店で、迎え撃て,3か月目,その商品説明を、出すな,間違った情報を、安全に見せない,本編,藤堂直人・森理沙・小野寺恵
DES-13,107,3,予約の約束を形にする,紙の店で、迎え撃て,3か月目,図は、飾りじゃない,図が、説明だけで終わらない,技術ノート,青井遥・藤堂直人・森理沙
MOD-12,108,3,予約の約束を形にする,紙の店で、迎え撃て,3か月目,入口が違っても、同じ店へ,見る切り口で、設計の進め方が変わる,比較ノート,藤堂直人・青井遥・真柴蓮
DES-14,109,3,予約の約束を形にする,紙の店で、迎え撃て,3か月目,取り置き札を、誰が持つ,この部品は、何を担当する？,本編,青井遥・藤堂直人
MOD-17,110,3,予約の約束を形にする,紙の店で、迎え撃て,3か月目,試作品に、制服を着せるな,何を知るための試作品？,本編,青井遥・藤堂直人・坂本誠・小野寺恵
DES-15,111,3,予約の約束を形にする,紙の店で、迎え撃て,3か月目,一秒先に、渡した人,矢印の順番で、話が変わる,本編,青井遥・藤堂直人・森理沙
DES-19,112,3,予約の約束を形にする,紙の店で、迎え撃て,3か月目,台帳は、出口から読む,処理から分けるか、データから分けるか,技術ノート,青井遥・藤堂直人
DES-21,113,3,予約の約束を形にする,紙の店で、迎え撃て,3か月目,片手の店長に、勝てない,片手がふさがった店長の画面,本編,青井遥・坂本誠・佐伯真帆
DES-25,114,3,予約の約束を形にする,紙の店で、迎え撃て,3か月目,こはるで「予約」と呼ぶもの,店の「確保」とコードの「予約」が違う,本編,青井遥・藤堂直人・坂本誠
TST-03,115,3,予約の約束を形にする,紙の店で、迎え撃て,3か月目,勝ち負けのない、勝負？,正解が決まっていないテスト,本編,青井遥・森理沙・坂本誠
QUA-03,116,3,予約の約束を形にする,紙の店で、迎え撃て,3か月目,三人の「いいね」が、違う,品質の名前を、同じ意味で使う,比較ノート,森理沙・藤堂直人・小野寺恵
SEC-07,117,3,予約の約束を形にする,紙の店で、迎え撃て,3か月目,隣の店の、秘密が見える,他店の注文は、見せない,本編,藤堂直人・相原健太・坂本誠
SEC-08,118,3,予約の約束を形にする,紙の店で、迎え撃て,3か月目,鍵にも、持ち主がいる,鍵も、管理される資材である,技術ノート,相原健太・藤堂直人
SEC-09,119,3,予約の約束を形にする,紙の店で、迎え撃て,3か月目,借りた盾は、この店に合うか,安全の工夫にも、使える型がある,技術ノート,相原健太・藤堂直人・青井遥
PRO-14,120,3,予約の約束を形にする,紙の店で、迎え撃て,3か月目,取消ボタンを、隠した人,取り消しにくい画面は、成果か,本編,青井遥・佐伯真帆・小野寺恵
PRO-16,121,3,予約の約束を形にする,紙の店で、迎え撃て,3か月目,好きな案に、点を盛るな,比較表の重みを、誰が決めた？,本編,藤堂直人・水野真紀・小野寺恵
PRO-19,122,3,予約の約束を形にする,紙の店で、迎え撃て,3か月目,いっぺんに、全部来た,複雑な問題を、小さな問いへ,本編,藤堂直人・青井遥・坂本誠
PRO-22,123,3,予約の約束を形にする,紙の店で、迎え撃て,3か月目,会議に来ない、声を聞け,会議で聞こえない声を、拾う,本編,水野真紀・坂本誠・青井遥・佐伯真帆
CMP-14,124,3,予約の約束を形にする,紙の店で、迎え撃て,3か月目,得意な言葉で、通じるか,言語を選ぶ前に、用途を分ける,比較ノート,藤堂直人・青井遥・真柴蓮
CMP-24,125,3,予約の約束を形にする,紙の店で、迎え撃て,3か月目,何を入れる箱なのか,データの形と、しまい方,技術ノート,青井遥・藤堂直人
CMP-25,126,3,予約の約束を形にする,紙の店で、迎え撃て,3か月目,台帳番を、ひとり増やす,データを管理する仕事を、任せる,技術ノート,青井遥・藤堂直人・相原健太
CMP-26,127,3,予約の約束を形にする,紙の店で、迎え撃て,3か月目,店名を、八回言い直す,店名を八回、直していた,技術ノート,青井遥・藤堂直人
CMP-30,128,3,予約の約束を形にする,紙の店で、迎え撃て,3か月目,店の外へ、線をたどれ,店内と、インターネットの向こう,技術ノート,相原健太・青井遥・坂本誠
CMP-37,129,3,予約の約束を形にする,紙の店で、迎え撃て,3か月目,忙しい手は、待てない,忙しい手で、押せる画面,本編,青井遥・坂本誠・佐伯真帆
MTH-01,130,3,予約の約束を形にする,紙の店で、迎え撃て,3か月目,「または」が、扉を開けた,「かつ」と「または」で、結果が変わる,技術ノート,青井遥・藤堂直人・森理沙
MTH-02,131,3,予約の約束を形にする,紙の店で、迎え撃て,3か月目,一人いたら、全員いる？,すべての注文か、どれか一つか,技術ノート,青井遥・藤堂直人・森理沙
MTH-07,132,3,予約の約束を形にする,紙の店で、迎え撃て,3か月目,二冊の台帳を、重ねろ,注文の集合を、重ねてみる,技術ノート,青井遥・藤堂直人・坂本誠
MTH-08,133,3,予約の約束を形にする,紙の店で、迎え撃て,3か月目,この注文の、帰る店,注文と店の関係は、一つに決まる？,技術ノート,青井遥・藤堂直人
MTH-11,134,3,予約の約束を形にする,紙の店で、迎え撃て,3か月目,渡した弁当は、もう机にない,注文は、状態で動きが変わる,技術ノート,青井遥・藤堂直人・森理沙
ENG-03,135,3,予約の約束を形にする,紙の店で、迎え撃て,3か月目,作り直すのは、負けですか,問題は、考えながら見えてくる,本編,青井遥・藤堂直人・坂本誠
ENG-04,136,3,予約の約束を形にする,紙の店で、迎え撃て,3か月目,その関数は、昼飯にどう効く,大きな話と、小さな話を行き来する,技術ノート,青井遥・藤堂直人・水野真紀
ENG-05,137,3,予約の約束を形にする,紙の店で、迎え撃て,3か月目,裏を知らずに、使わせて,知らなくてよい詳細を、隠す,技術ノート,青井遥・藤堂直人・真柴蓮
ENG-06,138,3,予約の約束を形にする,紙の店で、迎え撃て,3か月目,二つの窓で、同じ客を見る,別の図は、別の高さとは限らない,技術ノート,青井遥・藤堂直人・森理沙
ENG-14,139,3,予約の約束を形にする,紙の店で、迎え撃て,3か月目,その紙の店を、本物にするなら,試作品で、確かめなかったこと,本編,青井遥・藤堂直人・小野寺恵
CMP-02,140,4,小さく作って確かめる,注文一周リレー,4か月目,この端末、まだ走れる,計算機の構成を、仕事から見る,技術ノート,青井遥・相原健太・真柴蓮
CMP-06,141,4,小さく作って確かめる,注文一周リレー,4か月目,計算係は、走らない,計算をする部分、順番を進める部分,技術ノート,青井遥・藤堂直人・真柴蓮
CMP-07,142,4,小さく作って確かめる,注文一周リレー,4か月目,速い頭と、遅い足,計算より、待っている時間,技術ノート,青井遥・相原健太・真柴蓮
CMP-08,143,4,小さく作って確かめる,注文一周リレー,4か月目,一番上から、取らないで,注文を、どう並べて持つ？,技術ノート,青井遥・坂本誠・真柴蓮
CMP-09,144,4,小さく作って確かめる,注文一周リレー,4か月目,同じ札で、別のゴール,手順を、誰でも同じように進める,技術ノート,青井遥・真柴蓮・森理沙
CMP-15,145,4,小さく作って確かめる,注文一周リレー,4か月目,三個が、三円になった,書き方が正しくても、意味は違う,技術ノート,青井遥・森理沙・藤堂直人
CMP-16,146,4,小さく作って確かめる,注文一周リレー,4か月目,返事を待つ間に、お茶を,途中で待って、再び進む処理,技術ノート,青井遥・藤堂直人・真柴蓮
CMP-17,147,4,小さく作って確かめる,注文一周リレー,4か月目,その注文に、勝手に触るな,データと、その操作をまとめる,技術ノート,青井遥・藤堂直人・真柴蓮
CMP-18,148,4,小さく作って確かめる,注文一周リレー,4か月目,隣の机と、遠くの机,同時に進む、離れて進む,技術ノート,青井遥・藤堂直人・相原健太
MGT-09,149,4,小さく作って確かめる,注文一周リレー,4か月目,遥のカーソルが、動かない,計画どおりに動くための、相談,本編,水野真紀・青井遥・藤堂直人
CMP-19,150,4,小さく作って確かめる,注文一周リレー,4か月目,当てずっぽうは、三回まで？,症状から、原因へたどる,本編,青井遥・藤堂直人・森理沙
CMP-20,151,4,小さく作って確かめる,注文一周リレー,4か月目,名前のけんかは、ここまで,読み方がそろうと、見落としが減る,本編,青井遥・真柴蓮・森理沙
CMP-27,152,4,小さく作って確かめる,注文一周リレー,4か月目,青葉店が、急に大繁盛,欲しい結果を、条件で表す,技術ノート,青井遥・森理沙・坂本誠
CMP-32,153,4,小さく作って確かめる,注文一周リレー,4か月目,封筒の中の、また封筒,データは、包まれて届く,技術ノート,青井遥・相原健太
CMP-33,154,4,小さく作って確かめる,注文一周リレー,4か月目,電話は通じた。注文が通じない,通信の言葉を、そろえる,技術ノート,青井遥・藤堂直人・相原健太
MTH-10,155,4,小さく作って確かめる,注文一周リレー,4か月目,メニューの森から、帰れない,階層を、木でたどる,技術ノート,青井遥・藤堂直人・坂本誠
MTH-12,156,4,小さく作って確かめる,注文一周リレー,4か月目,合言葉は、見た目じゃない,形式に合う入力とは、何か,技術ノート,青井遥・藤堂直人・真柴蓮
MTH-13,157,4,小さく作って確かめる,注文一周リレー,4か月目,半分の弁当を、注文した人,数量と金額に、どんな数を使う？,技術ノート,青井遥・藤堂直人・真柴蓮
DES-04,158,4,小さく作って確かめる,注文一周リレー,4か月目,名札を替えたら、返金が止まる,一つ直すと、三つ壊れる,本編,青井遥・藤堂直人
MGT-11,159,4,小さく作って確かめる,注文一周リレー,4か月目,全員、走っている。誰も着かない,作業中、では進捗が分からない,本編,水野真紀・青井遥・森理沙
DES-16,160,4,小さく作って確かめる,注文一周リレー,4か月目,技の名前だけ、増えていく,パターン名を知っても、問題は消えない,技術ノート,青井遥・藤堂直人・真柴蓮
MGT-12,161,4,小さく作って確かめる,注文一周リレー,4か月目,赤い予定表は、止まらない,遅れが見えたら、選び直す,本編,水野真紀・藤堂直人・小野寺恵
DES-20,162,4,小さく作って確かめる,注文一周リレー,4か月目,名簿はできた。チームはまだだ,名詞を全部クラスにしてしまった,技術ノート,青井遥・藤堂直人
MGT-19,163,4,小さく作って確かめる,注文一周リレー,4か月目,三つの表が、別の未来を指す,進捗の道具は、一つの正本から,本編,水野真紀・青井遥・相原健太
DES-22,164,4,小さく作って確かめる,注文一周リレー,4か月目,助っ人の、違う口癖,買ってきた部品にも、つなぎ目がある,技術ノート,青井遥・藤堂直人・相原健太
MTH-14,165,4,小さく作って確かめる,注文一周リレー,4か月目,一箱だけ、閉まらない,箱に、余りなく詰められる？,技術ノート,青井遥・藤堂直人・坂本誠
DES-23,166,4,小さく作って確かめる,注文一周リレー,4か月目,同じ足跡を、三度書くな,どの処理にも、同じ監査コード,技術ノート,青井遥・藤堂直人・森理沙
MTH-16,167,4,小さく作って確かめる,注文一周リレー,4か月目,二種類の箱に、同じ仕切り,二つの単位を、同じ粒にそろえる,技術ノート,青井遥・藤堂直人・坂本誠
MTH-20,168,4,小さく作って確かめる,注文一周リレー,4か月目,消えた一円の、捜索願,一円のずれは、どこから来た？,技術ノート,青井遥・藤堂直人・森理沙
ENG-17,169,4,小さく作って確かめる,注文一周リレー,4か月目,注文番号を、食べないで,計算できるけれど、意味がない,技術ノート,青井遥・藤堂直人・森理沙
CON-01,170,4,小さく作って確かめる,注文一周リレー,4か月目,昨日の私、出てこい,賢すぎる一行が、翌週読めない,本編,青井遥・藤堂直人・真柴蓮
PRC-06,171,4,小さく作って確かめる,注文一周リレー,4か月目,手順書の持ち主は、不在です,手順の持ち主は、誰ですか,本編,水野真紀・森理沙・相原健太・青井遥
CON-02,172,4,小さく作って確かめる,注文一周リレー,4か月目,まだ来ない客の、長い列,変更を見越す。でも、全部は作らない,本編,青井遥・藤堂直人・森理沙
PRC-09,173,4,小さく作って確かめる,注文一周リレー,4か月目,スタートボタンが、ない,仕組みを、使える環境にする,本編,相原健太・水野真紀・青井遥
CON-03,174,4,小さく作って確かめる,注文一周リレー,4か月目,足跡のない失敗を、追う,壊れたときに、見つけられるコード,本編,青井遥・森理沙・藤堂直人
CON-04,175,4,小さく作って確かめる,注文一周リレー,4か月目,借りた包丁を、増やすな,借りるコードと、貸せるコード,本編,青井遥・藤堂直人・真柴蓮
CON-05,176,4,小さく作って確かめる,注文一周リレー,4か月目,赤ペンの出番を、減らしたい,書き方の違いで、レビューが終わらない,本編,青井遥・藤堂直人・森理沙
CON-06,177,4,小さく作って確かめる,注文一周リレー,4か月目,最後の壁を、先に叩け,どの部品から作れば、早く分かる？,本編,水野真紀・藤堂直人・青井遥
CON-08,178,4,小さく作って確かめる,注文一周リレー,4か月目,助っ人が、友達を連れてきた,直接使っていない部品も、入っていた,本編,青井遥・藤堂直人・相原健太
CON-09,179,4,小さく作って確かめる,注文一周リレー,4か月目,店長のお願いで、着替える服,設定で済む仕事、コードが要る仕事,技術ノート,青井遥・藤堂直人・坂本誠
CON-10,180,4,小さく作って確かめる,注文一周リレー,4か月目,弁当一個に、十五回クリック,一つの処理を、周りなしで確かめる,本編,青井遥・森理沙
CON-11,181,4,小さく作って確かめる,注文一周リレー,4か月目,全員合格、集合失敗,最後に全部つなぐ予定だった,本編,青井遥・藤堂直人・森理沙・真柴蓮
CON-13,182,4,小さく作って確かめる,注文一周リレー,4か月目,「注文する」だけでは、頼めない,APIの名前だけでは、使えない,本編,青井遥・藤堂直人・真柴蓮
MOD-13,183,4,小さく作って確かめる,注文一周リレー,4か月目,この図から、何が生まれる？,図を使う開発、図から作る開発,技術ノート,藤堂直人・青井遥・森理沙・水野真紀
CON-14,184,4,小さく作って確かめる,注文一周リレー,4か月目,今夜の決済係は、誰だ,実行するまで、相手が決まらない,技術ノート,青井遥・藤堂直人・真柴蓮
MOD-16,185,4,小さく作って確かめる,注文一周リレー,4か月目,細かくしたら、一食こぼれた,詳しくしても、約束は残る？,技術ノート,青井遥・藤堂直人
CON-15,186,4,小さく作って確かめる,注文一周リレー,4か月目,似ている二人を、一人にする？,似た処理を、型を保ってまとめる,技術ノート,青井遥・藤堂直人・真柴蓮
MOD-18,187,4,小さく作って確かめる,注文一周リレー,4か月目,途中の店を、見に来て,小さく届けて、反応から直す,本編,水野真紀・青井遥・坂本誠・森理沙
CON-16,188,4,小さく作って確かめる,注文一周リレー,4か月目,マイナス一個、侵入,その前提、壊れていませんか,技術ノート,青井遥・藤堂直人・森理沙
CON-17,189,4,小さく作って確かめる,注文一周リレー,4か月目,「成功しました」の、嘘,例外を握りつぶしたら、成功に見えた,本編,青井遥・藤堂直人・相原健太
CON-19,190,4,小さく作って確かめる,注文一周リレー,4か月目,取消の迷路に、地図を,増え続けるif文を、表にしてみる,本編,青井遥・藤堂直人・森理沙
CON-21,191,4,小さく作って確かめる,注文一周リレー,4か月目,商品名の中に、犯人がいる,文字列を切るだけでは、読めなかった,技術ノート,青井遥・藤堂直人・真柴蓮
CON-22,192,4,小さく作って確かめる,注文一周リレー,4か月目,その入口は、一人ずつ,一人ずつ通る入口を作る,技術ノート,青井遥・藤堂直人・森理沙
CON-23,193,4,小さく作って確かめる,注文一周リレー,4か月目,伝言係に、全部頼むな,通信の面倒を、どこへ任せる？,技術ノート,青井遥・藤堂直人・相原健太・真柴蓮
CON-26,194,4,小さく作って確かめる,注文一周リレー,4か月目,赤から始める、遥の一日,最初に、失敗するテストを書く,本編,青井遥・森理沙・真柴蓮
CON-28,195,4,小さく作って確かめる,注文一周リレー,4か月目,新しい相棒は、返事が速い,開発環境も、仕事の品質を変える,本編,青井遥・藤堂直人・真柴蓮
QUA-10,196,4,小さく作って確かめる,注文一周リレー,4か月目,森さんに、丸をもらえば？,品質保証の準備を、先にする,本編,森理沙・水野真紀
QUA-11,197,4,小さく作って確かめる,注文一周リレー,4か月目,「レビュー済み」の、白紙,決めた確認が、実際に行われたか,本編,森理沙・水野真紀・青井遥
QUA-13,198,4,小さく作って確かめる,注文一周リレー,4か月目,走る前に、森が旗を振る,動かす前にも、見つけられる,技術ノート,森理沙・青井遥
TST-01,199,4,小さく作って確かめる,注文一周リレー,4か月目,消えたのは、注文なのか,起きた不具合と、埋まった欠陥,本編,青井遥・森理沙・藤堂直人
OPS-08,200,4,小さく作って確かめる,注文一周リレー,4か月目,練習のベルが、店を鳴らす,練習の注文が、本番へ届いた,本編,相原健太・青井遥・森理沙
TST-10,201,4,小さく作って確かめる,注文一周リレー,4か月目,一個と、一箱が握手した,部品は合格、つなぐと不合格,本編,青井遥・森理沙
OPS-03,202,4,小さく作って確かめる,注文一周リレー,4か月目,八回同じ、八回違う,八回の手作業を、一つの手順に,本編,相原健太・青井遥
OPS-24,203,4,小さく作って確かめる,注文一周リレー,4か月目,箱に入れても、外はある,箱に入れると、何がそろう？,技術ノート,相原健太・青井遥
CFG-03,204,4,小さく作って確かめる,注文一周リレー,4か月目,引っ越しても、散らかったまま,道具を入れても、版はそろわない,本編,相原健太・青井遥・水野真紀
CFG-04,205,4,小さく作って確かめる,注文一周リレー,4か月目,差出人は分かる。中身が分からない,外から届いた資材にも、履歴を,本編,水野真紀・相原健太・藤堂直人
CFG-05,206,4,小さく作って確かめる,注文一周リレー,4か月目,片側だけの、衣替え,つなぎ目の仕様は、誰が変えた？,本編,青井遥・相原健太・真柴蓮
CFG-07,207,4,小さく作って確かめる,注文一周リレー,4か月目,「最新版」、三人いる,一つの版に、何が入っている？,本編,相原健太・青井遥
CFG-10,208,4,小さく作って確かめる,注文一周リレー,4か月目,「急ぎで」の、続きは？,変更したい、を決めるための一枚,本編,水野真紀・藤堂直人・小野寺恵
CFG-16,209,4,小さく作って確かめる,注文一周リレー,4か月目,同じレシピの、別の仕上がり,同じソースから、違う実行物,本編,相原健太・青井遥
SEC-10,210,4,小さく作って確かめる,注文一周リレー,4か月目,見張りのいない、もう一つの門,入力を、信用しない,本編,青井遥・相原健太・森理沙
SEC-11,211,4,小さく作って確かめる,注文一周リレー,4か月目,試験用の王様を、降ろせ,許可されていないなら、通さない,本編,青井遥・相原健太・藤堂直人
PRO-08,212,4,小さく作って確かめる,注文一周リレー,4か月目,拾った技に、持ち主がいた,公開されているコードなら、使っていい？,本編,青井遥・藤堂直人・水野真紀
PRO-09,213,4,小さく作って確かめる,注文一周リレー,4か月目,その相談に、客の名前は要る？,便利な相談先に、何を渡す？,本編,青井遥・水野真紀・藤堂直人
PRO-17,214,4,小さく作って確かめる,注文一周リレー,4か月目,赤ペンの向こうの、森,指摘は、人ではなく成果物へ,本編,青井遥・森理沙・水野真紀・藤堂直人
PRO-18,215,4,小さく作って確かめる,注文一周リレー,4か月目,忘れない人を、募集します？,覚えているはず、を仕組みに変える,本編,青井遥・森理沙・藤堂直人
PRO-23,216,4,小さく作って確かめる,注文一周リレー,4か月目,要約から、消えた小さな字,仕様を読んで、要点を返す,本編,青井遥・藤堂直人
PRO-24,217,4,小さく作って確かめる,注文一周リレー,4か月目,注文、一周しました,短い文ほど、主語と条件を,本編,青井遥・森理沙・水野真紀・藤堂直人・相原健太・真柴蓮
REQ-26,218,5,公開前に危険を見つける,赤い札の向こう側,5か月目,答えを知らない、試験官,生成されたテストの「正解」は誰が決める,技術ノート,青井遥・森理沙・坂本誠
ARC-12,219,5,公開前に危険を見つける,赤い札の向こう側,5か月目,動かない決済役,決済が遅れた日を、図の上で試す,技術ノート,藤堂直人・森理沙・相原健太
MOD-11,220,5,公開前に危険を見つける,赤い札の向こう側,5か月目,取り消した注文が、帰ってきた,別々には正しい、をつなげる,本編,藤堂直人・青井遥・森理沙
ARC-13,221,5,公開前に危険を見つける,赤い札の向こう側,5か月目,うなずく代わりに、歩いてくれ,「大丈夫ですか」では、レビューできない,本編,藤堂直人・森理沙・相原健太
MOD-14,222,5,公開前に危険を見つける,赤い札の向こう側,5か月目,一食のルールを、逃がさない,動かす前に、条件から確かめる,技術ノート,藤堂直人・青井遥・森理沙
MOD-15,223,5,公開前に危険を見つける,赤い札の向こう側,5か月目,三人に勝った。百人には？,順番を変えて、反例を探す,技術ノート,藤堂直人・青井遥・森理沙
MTH-03,224,5,公開前に危険を見つける,赤い札の向こう側,5か月目,最後まで、筋を通せ,条件から、結論までつなぐ,技術ノート,青井遥・藤堂直人
MTH-04,225,5,公開前に危険を見つける,赤い札の向こう側,5か月目,越えたことに、してみよう,成り立たないと仮定してみる,技術ノート,青井遥・藤堂直人
MTH-05,226,5,公開前に危険を見つける,赤い札の向こう側,5か月目,一歩先を、何度でも,一回守れた条件を、何回でも守るには,技術ノート,青井遥・藤堂直人・森理沙
MTH-06,227,5,公開前に危険を見つける,赤い札の向こう側,5か月目,一つ見つけたら、勝ち？,一例で言えること、言えないこと,技術ノート,青井遥・藤堂直人・森理沙
MTH-17,228,5,公開前に危険を見つける,赤い札の向こう側,5か月目,札が、机からあふれる,組合せは、いくつになる？,技術ノート,青井遥・森理沙・藤堂直人
DES-26,229,5,公開前に危険を見つける,赤い札の向こう側,5か月目,作れる城と、帰れる城,作れる設計か、使い続けられる設計か,本編,藤堂直人・森理沙・相原健太
MGT-13,230,5,公開前に危険を見つける,赤い札の向こう側,5か月目,水野の、飲み込んだひと言,悪い知らせを、判断できる形で,本編,水野真紀・小野寺恵・森理沙
DES-28,231,5,公開前に危険を見つける,赤い札の向こう側,5か月目,正しい画面に、客がいない,仕様どおりと、役に立つは別の問い,本編,青井遥・森理沙・小野寺恵
PRO-02,232,5,公開前に危険を見つける,赤い札の向こう側,5か月目,水野の報告書に、書けない丸,問題なし、と書けますか,本編,森理沙・水野真紀・青井遥・小野寺恵
CON-12,233,5,公開前に危険を見つける,赤い札の向こう側,5か月目,青葉店だけの、癖,開発用PCでは、動いたのに,本編,青井遥・森理沙・坂本誠
QUA-04,234,5,公開前に危険を見つける,赤い札の向こう側,5か月目,丈夫なだけでは、留守を頼めない,頼れるシステムには、いくつもの面がある,技術ノート,森理沙・相原健太・藤堂直人
QUA-05,235,5,公開前に危険を見つける,赤い札の向こう側,5か月目,同じ赤でも、重さが違う,失敗の重さで、確かめ方を変える,比較ノート,森理沙・藤堂直人・水野真紀
QUA-12,236,5,公開前に危険を見つける,赤い札の向こう側,5か月目,手順の達人、成果物を見せて,納品物の品質を、証拠で話す,本編,森理沙・藤堂直人・水野真紀
QUA-14,237,5,公開前に危険を見つける,赤い札の向こう側,5か月目,走り出すと、息が上がる,動かして初めて、見える品質,技術ノート,森理沙・相原健太・青井遥
QUA-15,238,5,公開前に危険を見つける,赤い札の向こう側,5か月目,その盾は、どこまで届く,形式的な確認を、品質保証に使う,技術ノート,森理沙・藤堂直人
QUA-16,239,5,公開前に危険を見つける,赤い札の向こう側,5か月目,三つの丸は、三つの返事,試験、レビュー、監査は別の問い,本編,森理沙・藤堂直人・水野真紀
TST-04,240,5,公開前に危険を見つける,赤い札の向こう側,5か月目,森の「全部」を、止める人,「全部テストする」は約束できない,本編,森理沙・水野真紀・小野寺恵
OPS-07,241,5,公開前に危険を見つける,赤い札の向こう側,5か月目,向こう側にも、人がいる,決済先が止まったら、誰に聞く？,本編,相原健太・水野真紀・決済供給者の担当者
TST-05,242,5,公開前に危険を見つける,赤い札の向こう側,5か月目,残り一時間、札を選べ,残り一時間、どれから試す？,本編,森理沙・水野真紀・青井遥・真柴蓮
TST-06,243,5,公開前に危険を見つける,赤い札の向こう側,5か月目,開かない扉を、叩く二人,その経路は、そもそも通れる？,技術ノート,青井遥・森理沙・藤堂直人
OPS-05,244,5,公開前に危険を見つける,赤い札の向こう側,5か月目,受付を増やしても、列は減らない,台数を増やしても、列が消えない,本編,相原健太・藤堂直人・青井遥
TST-07,245,5,公開前に危険を見つける,赤い札の向こう側,5か月目,森の時計が、違っていた,同じテストなのに、結果が違う,本編,青井遥・森理沙・相原健太
SEC-12,246,5,公開前に危険を見つける,赤い札の向こう側,5か月目,一枚目の盾が、落ちたら,一か所の失敗で、すべてを失わない,本編,相原健太・藤堂直人・森理沙
TST-08,247,5,公開前に危険を見つける,赤い札の向こう側,5か月目,眠った見張り番を、起こせ,自動テストが、待ち行列になった,本編,森理沙・青井遥・相原健太
SEC-13,248,5,公開前に危険を見つける,赤い札の向こう側,5か月目,緑の診断書に、余白がある,自動診断の緑を、読み解く,本編,相原健太・森理沙・青井遥
TST-11,249,5,公開前に危険を見つける,赤い札の向こう側,5か月目,店長が、最後の札を出す,システムが動くことと、店が受け入れること,本編,森理沙・坂本誠・小野寺恵・青井遥
SEC-14,250,5,公開前に危険を見つける,赤い札の向こう側,5か月目,叩く前に、名乗れ,試す前に、許可と範囲を決める,本編,相原健太・森理沙・水野真紀・診断の専門家
TST-12,251,5,公開前に危険を見つける,赤い札の向こう側,5か月目,その「対応済み」は、何の返事？,何に合っていれば「適合」なのか,技術ノート,森理沙・水野真紀・小野寺恵
PRO-12,252,5,公開前に危険を見つける,赤い札の向こう側,5か月目,善意でも、そこはよその店,善意の調査にも、境界がある,本編,相原健太・青井遥・水野真紀
TST-13,253,5,公開前に危険を見つける,赤い札の向こう側,5か月目,青葉店に、駅前の朝が来た,設置しただけで、設定が違った,本編,森理沙・相原健太・坂本誠・立花千夏
CMP-36,254,5,公開前に危険を見つける,赤い札の向こう側,5か月目,店の外にも、鍵をかけろ,通信経路にも、守る場所がある,技術ノート,相原健太・青井遥
TST-16,255,5,公開前に危険を見つける,赤い札の向こう側,5か月目,一人に勝って、昼に負ける,一人なら速い。昼はどうか,本編,森理沙・相原健太・坂本誠・青井遥
TST-17,256,5,公開前に危険を見つける,赤い札の向こう側,5か月目,開いた画面より、閉じた扉,許可された人だけが、操作できる？,本編,森理沙・青井遥・相原健太
TST-18,257,5,公開前に危険を見つける,赤い札の向こう側,5か月目,隠した名前が、裏で話す,画面から消えても、ログに残っていた,本編,森理沙・相原健太・水野真紀
OPS-02,258,5,公開前に危険を見つける,赤い札の向こう側,5か月目,届いた端末、開かない店,入れただけでは、使えるとは限らない,本編,相原健太・青井遥・坂本誠
TST-19,259,5,公開前に危険を見つける,赤い札の向こう側,5か月目,返事は元気、中身は違う,APIが返事をしても、契約は守られている？,本編,青井遥・森理沙・藤堂直人・真柴蓮
TST-21,260,5,公開前に危険を見つける,赤い札の向こう側,5か月目,二十人より、まだ見ぬ一人,同じ種類の入力を、何度も試していた,技術ノート,青井遥・森理沙
TST-22,261,5,公開前に危険を見つける,赤い札の向こう側,5か月目,締切の、その一秒,締切の一秒前と、一秒後,技術ノート,青井遥・森理沙・坂本誠
TST-23,262,5,公開前に危険を見つける,赤い札の向こう側,5か月目,値段は正しい。箱が違う,値は正しいのに、形式が違う,技術ノート,青井遥・森理沙
TST-24,263,5,公開前に危険を見つける,赤い札の向こう側,5か月目,組み合わせの大軍を、迎え撃て,組合せが、あっという間に増える,技術ノート,森理沙・青井遥
TST-25,264,5,公開前に危険を見つける,赤い札の向こう側,5か月目,空白の一マスに、店長が座る,条件を並べると、抜けが見える,技術ノート,青井遥・森理沙・坂本誠
TST-26,265,5,公開前に危険を見つける,赤い札の向こう側,5か月目,同じボタンの、別の顔,同じボタンでも、状態で結果が変わる,技術ノート,青井遥・森理沙
TST-27,266,5,公開前に危険を見つける,赤い札の向こう側,5か月目,佐伯さんの、一日を借りる,客の一日を、最初から最後まで辿る,本編,森理沙・佐伯真帆・坂本誠
TST-28,267,5,公開前に危険を見つける,赤い札の向こう側,5か月目,思いつかない客が、やって来る,思いつかない入力を、試してみる,技術ノート,青井遥・森理沙
TST-30,268,5,公開前に危険を見つける,赤い札の向こう側,5か月目,森が線を切った日,失敗しないと、確かめられない処理,技術ノート,森理沙・青井遥・相原健太
OPS-11,269,5,公開前に危険を見つける,赤い札の向こう側,5か月目,金庫を開けたら、昨日がない,バックアップはある。戻せますか,本編,相原健太・森理沙
TST-31,270,5,公開前に危険を見つける,赤い札の向こう側,5か月目,全部通った道の、隠れた分かれ道,通った行が多ければ、安心？,技術ノート,青井遥・森理沙・藤堂直人
OPS-12,271,5,公開前に危険を見つける,赤い札の向こう側,5か月目,今日は、基盤が帰ってこない,一つの拠点が使えない日,本編,相原健太・水野真紀・坂本誠
TST-32,272,5,公開前に危険を見つける,赤い札の向こう側,5か月目,昨日の数が、先回りする,値が、どこから来てどこへ行くか,技術ノート,青井遥・森理沙
OPS-13,273,5,公開前に危険を見つける,赤い札の向こう側,5か月目,戻った画面、戻らない一件,復旧したデータは、正しいか,本編,相原健太・森理沙・坂本誠
TST-34,274,5,公開前に危険を見つける,赤い札の向こう側,5か月目,わざとの間違いを、見破れ,わざと間違えたコードを、見抜けるか,技術ノート,青井遥・森理沙
CMP-29,275,5,公開前に危険を見つける,赤い札の向こう側,5か月目,途中の台帳を、持ち帰るな,データベースを、どこまで戻す？,技術ノート,相原健太・青井遥・森理沙
TST-36,276,5,公開前に危険を見つける,赤い札の向こう側,5か月目,森の手だけでは、届かない,一つの技法だけでは、見えないもの,技術ノート,森理沙・青井遥・藤堂直人
ENG-12,277,5,公開前に危険を見つける,赤い札の向こう側,5か月目,似ている店は、本物ではない,似ている模型、働きを表す模型,技術ノート,青井遥・藤堂直人・森理沙
TST-39,278,5,公開前に危険を見つける,赤い札の向こう側,5か月目,試験札だけでは、開幕しない,テスト一覧はある。でも、計画がない,本編,森理沙・水野真紀・青井遥
ENG-13,279,5,公開前に危険を見つける,赤い札の向こう側,5か月目,正午は、空っぽから始まらない,空の列から始めて、よいですか,技術ノート,青井遥・森理沙・坂本誠
TST-40,280,5,公開前に危険を見つける,赤い札の向こう側,5か月目,その赤い報告を、見せて,バグ報告を、個人攻撃にしない,本編,青井遥・森理沙・水野真紀・真柴蓮
TST-41,281,5,公開前に危険を見つける,赤い札の向こう側,5か月目,百パーセントの、赤い傷,終わった件数と、終えてよい判断,本編,森理沙・水野真紀・小野寺恵
TST-43,282,5,公開前に危険を見つける,赤い札の向こう側,5か月目,「動きません」だけでは、追えない,「動きません」から、調べられる報告へ,本編,青井遥・森理沙・相原健太
TST-49,283,5,公開前に危険を見つける,赤い札の向こう側,5か月目,雲の上にも、壁はある,クラウドなら、負荷も障害も任せられる？,技術ノート,森理沙・相原健太・藤堂直人
OPS-14,284,5,公開前に危険を見つける,赤い札の向こう側,5か月目,相原の席を、空けてみる,運用の受入試験をしよう,本編,相原健太・森理沙・水野真紀
CFG-08,285,5,公開前に危険を見つける,赤い札の向こう側,5か月目,合格した箱を、すり替えるな,確認済みの組み合わせを、固定する,本編,相原健太・森理沙・水野真紀
CFG-09,286,5,公開前に危険を見つける,赤い札の向こう側,5か月目,あの日の箱を、もう一度,必要な版を、取り出せる場所へ,本編,相原健太・青井遥・森理沙
CFG-14,287,5,公開前に危険を見つける,赤い札の向こう側,5か月目,約束した店が、この箱にあるか,仕様どおりの資材ですか,本編,森理沙・相原健太・水野真紀
CFG-15,288,5,公開前に危険を見つける,赤い札の向こう側,5か月目,この箱を、明日の店へ,確認したものと、届けるもの,本編,相原健太・森理沙・青井遥
OPS-15,289,6,2店舗で使ってみる,ふたつの開店ベル,6か月目,ふたつの開店ベル,二店舗だけで、最初の公開,本編,相原健太・水野真紀・坂本誠・小野寺恵・立花千夏
CFG-17,290,6,2店舗で使ってみる,ふたつの開店ベル,6か月目,新しい箱に、置き手紙,リリースに、説明書を添える,本編,相原健太・水野真紀・坂本誠
OPS-16,291,6,2店舗で使ってみる,ふたつの開店ベル,6か月目,昨日へは、そのまま帰れない,コードだけ戻しても、元に戻らない,本編,相原健太・青井遥・森理沙
OPS-19,292,6,2店舗で使ってみる,ふたつの開店ベル,6か月目,緑のランプと、佐伯のため息,緑の画面なのに、注文できない,本編,相原健太・森理沙・佐伯真帆
OPS-20,293,6,2店舗で使ってみる,ふたつの開店ベル,6か月目,店長の、はじめての留守,店長が休みでも、問い合わせられる,本編,相原健太・坂本誠・水野真紀
CFG-12,294,6,2店舗で使ってみる,ふたつの開店ベル,6か月目,「今回だけ」に、帰る日を,例外を認めるなら、期限も残す,本編,水野真紀・森理沙・相原健太
TST-09,295,6,2店舗で使ってみる,ふたつの開店ベル,6か月目,試験室を出た、森の目,公開前の確認と、利用中の確認,本編,森理沙・相原健太・坂本誠
MGT-14,296,6,2店舗で使ってみる,ふたつの開店ベル,6か月目,開店日は、ゴールじゃない,二店舗の試行を、評価する,本編,水野真紀・小野寺恵・坂本誠・森理沙
TST-14,297,6,2店舗で使ってみる,ふたつの開店ベル,6か月目,常連じゃない客を、迎えよう,小さく使ってもらう理由,本編,森理沙・坂本誠・佐伯真帆・試用参加者
TST-20,298,6,2店舗で使ってみる,ふたつの開店ベル,6か月目,弁当は、隣の店で待っていた,操作できると、迷わず使えるは違う,本編,森理沙・坂本誠・佐伯真帆・立花千夏
TST-33,299,6,2店舗で使ってみる,ふたつの開店ベル,6か月目,戻るボタンが、気になる,手順書にない違和感を、調べる,本編,森理沙・青井遥・坂本誠
TST-35,300,6,2店舗で使ってみる,ふたつの開店ベル,6か月目,毎日通る、目立たない道,一番使われる道は、どれだった？,本編,森理沙・坂本誠・相原健太
PRC-08,301,6,2店舗で使ってみる,ふたつの開店ベル,6か月目,正午の会議に、店長はいない,現場で回らない手順を、直す,本編,水野真紀・坂本誠・青井遥
PRO-26,302,6,2店舗で使ってみる,ふたつの開店ベル,6か月目,小野寺が、聞きたかった答え,報告を、相手の判断へ届ける,本編,青井遥・水野真紀・小野寺恵
CMP-35,303,6,2店舗で使ってみる,ふたつの開店ベル,6か月目,青いテープの、その先で,店内を歩くと、切れる注文,本編,相原健太・青井遥・坂本誠
OPS-17,304,7,全店展開と初めての障害,八つの正午,7〜8か月目,正午、八つの電話,最初の五分で、役割を分ける,本編,相原健太・水野真紀・坂本誠
OPS-04,305,7,全店展開と初めての障害,八つの正午,7〜8か月目,消さなかった、あの正午,再起動の前に、何が起きたか残す,本編,相原健太・青井遥・森理沙
OPS-10,306,7,全店展開と初めての障害,八つの正午,7〜8か月目,いつもの三倍が、来る前に,人気の日は、いつもの三倍,本編,相原健太・小野寺恵・藤堂直人
CON-27,307,7,全店展開と初めての障害,八つの正午,7〜8か月目,店から届いた、次の一手,公開して初めて、分かったこと,本編,青井遥・相原健太・坂本誠
OPS-21,308,7,全店展開と初めての障害,八つの正午,7〜8か月目,小野寺が閉じた、月報,運用報告を、判断の材料に,本編,相原健太・小野寺恵・水野真紀
CFG-13,309,7,全店展開と初めての障害,八つの正午,7〜8か月目,八店舗の、今いる場所,今、各店で何が動いている？,本編,相原健太・水野真紀・坂本誠
MGT-08,310,7,全店展開と初めての障害,八つの正午,7〜8か月目,日付だけが、引っ越した,変わった計画を、皆で持つ,本編,水野真紀・小野寺恵・相原健太
ECO-19,311,7,全店展開と初めての障害,八つの正午,7〜8か月目,繁盛するほど、高くなる？,月額が安い案が、ずっと安い？,技術ノート,小野寺恵・相原健太・水野真紀
ECO-20,312,7,全店展開と初めての障害,八つの正午,7〜8か月目,一番安い席には、座れない,一番安い点にも、条件がある,技術ノート,相原健太・小野寺恵・藤堂直人
CMP-10,313,7,全店展開と初めての障害,八つの正午,7〜8か月目,十倍の札、百倍の手間,件数が十倍なら、時間も十倍？,技術ノート,青井遥・藤堂直人・真柴蓮
CMP-11,314,7,全店展開と初めての障害,八つの正午,7〜8か月目,並べ直すたび、昼が終わる,順番を変える処理にも、選択がある,技術ノート,青井遥・藤堂直人・真柴蓮
CMP-12,315,7,全店展開と初めての障害,八つの正午,7〜8か月目,近道には、並びが要る,探し方は、並び方で変わる,技術ノート,青井遥・藤堂直人
CMP-13,316,7,全店展開と初めての障害,八つの正午,7〜8か月目,同じ棚に、別のお客さん,目印から、すぐ探す,技術ノート,青井遥・藤堂直人・真柴蓮
CMP-21,317,7,全店展開と初めての障害,八つの正午,7〜8か月目,動かないのは、順番待ち,動いていないのか、待っているのか,技術ノート,青井遥・相原健太
CMP-22,318,7,全店展開と初めての障害,八つの正午,7〜8か月目,夜ごと、狭くなる部屋,メモリーが増え続ける夜,技術ノート,青井遥・相原健太
CMP-23,319,7,全店展開と初めての障害,八つの正午,7〜8か月目,黙ったプリンターに、聞く,端末の外とのやり取りを、誰が支える？,技術ノート,青井遥・相原健太・坂本誠
CMP-31,320,7,全店展開と初めての障害,八つの正午,7〜8か月目,「つながらない」を、ほどけ,つながらない、を層で分ける,技術ノート,相原健太・青井遥
CMP-34,321,7,全店展開と初めての障害,八つの正午,7〜8か月目,返事を急かすほど、遠くなる,速さと確かさを、通信で支える,技術ノート,相原健太・藤堂直人
ENG-23,322,7,全店展開と初めての障害,八つの正午,7〜8か月目,「気を付ける」で、閉じるな,「気を付ける」で、終わらせない,本編,森理沙・相原健太・坂本誠
ENG-24,323,7,全店展開と初めての障害,八つの正午,7〜8か月目,原因へ戻る線、未来へ進む線,原因から考えるか、結果から戻るか,技術ノート,森理沙・藤堂直人・相原健太
REQ-19,324,8,変え続ける仕組み,置き去りの札を拾え,9〜10か月目,今の約束を、言ってみて,差分だけでは、今の仕様が分からない,本編,青井遥・藤堂直人
REQ-23,325,8,変え続ける仕組み,置き去りの札を拾え,9〜10か月目,時刻を動かすと、皆が走る,一つの変更が、四つの成果物を動かす,本編,青井遥・水野真紀・森理沙
SEC-15,326,8,変え続ける仕組み,置き去りの札を拾え,9〜10か月目,いつもの部品から、赤い知らせ,使っている部品に、弱点が見つかった,本編,相原健太・青井遥・水野真紀
SEC-16,327,8,変え続ける仕組み,置き去りの札を拾え,9〜10か月目,誰も住んでいない、試作の店,忘れられた試験環境,本編,相原健太・青井遥
PRO-25,328,8,変え続ける仕組み,置き去りの札を拾え,9〜10か月目,その会話に、相原はいなかった,会話で決めたことを、共有する,本編,水野真紀・青井遥・相原健太
MTH-09,329,8,変え続ける仕組み,置き去りの札を拾え,9〜10か月目,一本の線を、たどり切れ,変更のつながりを、線で追う,技術ノート,青井遥・藤堂直人
DES-12,330,8,変え続ける仕組み,置き去りの札を拾え,9〜10か月目,八つに増えた、同じ修正,店ごとの違いを、コピーで増やさない,本編,青井遥・藤堂直人・坂本誠・立花千夏
OPS-18,331,8,変え続ける仕組み,置き去りの札を拾え,9〜10か月目,その一文字、まだ押すな,急ぎの設定変更にも、確認を,本編,相原健太・青井遥・水野真紀
DES-18,332,8,変え続ける仕組み,置き去りの札を拾え,9〜10か月目,藤堂が消さなかった、分岐,理由のない設計は、後から直せない,本編,青井遥・藤堂直人
CON-20,333,8,変え続ける仕組み,置き去りの札を拾え,9〜10か月目,青葉の変更が、駅前へ走る,設定を変えたら、別の店まで変わった,本編,青井遥・相原健太・坂本誠・立花千夏
OPS-22,334,8,変え続ける仕組み,置き去りの札を拾え,9〜10か月目,鳴らなかった電話の、理由,起きなかった障害にも、理由がある,本編,相原健太・森理沙・水野真紀
MNT-02,335,8,変え続ける仕組み,置き去りの札を拾え,9〜10か月目,保守費の中に、明日がいた,保守費は、バグの代金だけではない,本編,水野真紀・小野寺恵・藤堂直人
MNT-03,336,8,変え続ける仕組み,置き去りの札を拾え,9〜10か月目,変わらない店が、古くなる,変わらないコードも、古くなる,技術ノート,藤堂直人・青井遥・小野寺恵
MNT-04,337,8,変え続ける仕組み,置き去りの札を拾え,9〜10か月目,三枚とも「修正」では、困る,直す、備える、合わせる,本編,水野真紀・青井遥・森理沙
MNT-05,338,8,変え続ける仕組み,置き去りの札を拾え,9〜10か月目,応急の橋に、住み着くな,追加と改善と、応急処置,本編,水野真紀・藤堂直人・相原健太
TST-15,339,8,変え続ける仕組み,置き去りの札を拾え,9〜10か月目,直した隣で、転んだ注文,直した隣が、壊れていた,本編,青井遥・森理沙
MNT-06,340,8,変え続ける仕組み,置き去りの札を拾え,9〜10か月目,この時刻には、店の理由がある,読めるコードと、分かる業務は違う,本編,青井遥・藤堂直人・坂本誠
TST-42,341,8,変え続ける仕組み,置き去りの札を拾え,9〜10か月目,昨日の審判が、今日を止める,使い回すテストも、手入れが要る,本編,青井遥・森理沙
MNT-07,342,8,変え続ける仕組み,置き去りの札を拾え,9〜10か月目,変えた場所の、外へ出ろ,変えたところの、外側も確かめる,本編,青井遥・森理沙
MNT-08,343,8,変え続ける仕組み,置き去りの札を拾え,9〜10か月目,枠ひとつの、大きな荷物,一つの変更が、どこまで届く？,本編,青井遥・藤堂直人・水野真紀
MNT-09,344,8,変え続ける仕組み,置き去りの札を拾え,9〜10か月目,次の変更で、会おう,次の一変更を、楽にする,本編,青井遥・藤堂直人・森理沙
MNT-10,345,8,変え続ける仕組み,置き去りの札を拾え,9〜10か月目,いちばん大きな声の、次に,保守の順番を、声の大きさで決めない,本編,水野真紀・小野寺恵・坂本誠
MNT-12,346,8,変え続ける仕組み,置き去りの札を拾え,9〜10か月目,頼りの部品から、別れの便り,部品の提供が、終わるとき,本編,藤堂直人・水野真紀・相原健太
MNT-13,347,8,変え続ける仕組み,置き去りの札を拾え,9〜10か月目,藤堂が残した、借り,後で直すには、利息がつく？,本編,藤堂直人・水野真紀・小野寺恵・青井遥
MNT-15,348,8,変え続ける仕組み,置き去りの札を拾え,9〜10か月目,直した後に、店が待っていた,保守にも、着手前の準備がある,本編,水野真紀・青井遥・相原健太・坂本誠
MNT-16,349,8,変え続ける仕組み,置き去りの札を拾え,9〜10か月目,小さい修正にも、名札を,保守の小変更も、版と品質をそろえる,本編,青井遥・森理沙・相原健太
MNT-18,350,8,変え続ける仕組み,置き去りの札を拾え,9〜10か月目,名もないマクロの、置き手紙,マクロから、設計を読み戻す,本編,青井遥・藤堂直人・坂本誠
MNT-19,351,8,変え続ける仕組み,置き去りの札を拾え,9〜10か月目,ためた修正が、塊で転ぶ,保守の変更を、小さく届ける,本編,青井遥・森理沙・相原健太
CFG-06,352,8,変え続ける仕組み,置き去りの札を拾え,9〜10か月目,緊急の日に、消えた記録,管理ルールは、使われているか,本編,水野真紀・相原健太・森理沙
CFG-11,353,8,変え続ける仕組み,置き去りの札を拾え,9〜10か月目,承認した札が、一枚残る,承認した変更が、入り切っていない,本編,青井遥・相原健太・森理沙
PRC-11,354,8,変え続ける仕組み,置き去りの札を拾え,9〜10か月目,開店前だけ、全員が走る,毎回、公開前に詰まる理由,本編,水野真紀・森理沙・相原健太
PRC-14,355,8,変え続ける仕組み,置き去りの札を拾え,9〜10か月目,「次こそ」を、今日にする,振り返りで、何を変えた？,本編,水野真紀・青井遥・森理沙
MOD-10,356,8,変え続ける仕組み,置き去りの札を拾え,9〜10か月目,図の先で、待っていたコード,モデルを直したら、何を直す？,本編,青井遥・森理沙・藤堂直人
QUA-09,357,8,変え続ける仕組み,置き去りの札を拾え,9〜10か月目,別の顔で、同じ間違い,直した不具合を、次の予防へ,本編,森理沙・青井遥・藤堂直人
ENG-25,358,8,変え続ける仕組み,置き去りの札を拾え,9〜10か月目,報告書を閉じて、店へ行こう,原因を見つけた、その後に,本編,森理沙・相原健太・水野真紀・坂本誠
REQ-24,359,9,数字で改善を確かめる,勝ったはずの、その先で,11〜12か月目,二倍書いたら、二倍進んだ？,要求の数が増えたら、仕事も増えた？,本編,水野真紀・森理沙・青井遥
ARC-14,360,9,数字で改善を確かめる,勝ったはずの、その先で,11〜12か月目,一本の表示が、皆を呼ぶ,変更に時間がかかる理由を、構造から探す,本編,藤堂直人・水野真紀・青井遥
CMP-28,361,9,数字で改善を確かめる,勝ったはずの、その先で,11〜12か月目,分析が、昼の店を占領した,営業の記録を、分析に使う,技術ノート,青井遥・小野寺恵・藤堂直人
MTH-18,362,9,数字で改善を確かめる,勝ったはずの、その先で,11〜12か月目,十回の勝負で、世界を語るな,起こりやすさを、数で考える,技術ノート,青井遥・森理沙・藤堂直人
MTH-19,363,9,数字で改善を確かめる,勝ったはずの、その先で,11〜12か月目,正午だけ、別の顔,条件が変われば、起こりやすさも変わる,技術ノート,青井遥・森理沙・藤堂直人・小野寺恵
MTH-21,364,9,数字で改善を確かめる,勝ったはずの、その先で,11〜12か月目,ぶれない時計が、遅れていた,よくそろう値が、正しいとは限らない,技術ノート,青井遥・森理沙
MTH-22,365,9,数字で改善を確かめる,勝ったはずの、その先で,11〜12か月目,八店舗を、どう束ねる？,集計を分けても、同じ結果に,技術ノート,青井遥・藤堂直人
MTH-23,366,9,数字で改善を確かめる,勝ったはずの、その先で,11〜12か月目,食べた弁当は、戻らない,元に戻す操作は、いつもある？,技術ノート,青井遥・藤堂直人・坂本誠
MTH-24,367,9,数字で改善を確かめる,勝ったはずの、その先で,11〜12か月目,二つの式が、同じ皿に来る,足すと掛けるを、一緒に考える,技術ノート,青井遥・藤堂直人・真柴蓮
MTH-25,368,9,数字で改善を確かめる,勝ったはずの、その先で,11〜12か月目,勢いと、山の高さ,増え方を見る、たまった量を見る,技術ノート,青井遥・藤堂直人・坂本誠
DES-27,369,9,数字で改善を確かめる,勝ったはずの、その先で,11〜12か月目,小さい数字に、隠された仕事,数値が小さければ、よい設計？,技術ノート,青井遥・藤堂直人・森理沙・真柴蓮
MNT-14,370,9,数字で改善を確かめる,勝ったはずの、その先で,11〜12か月目,件数王は、誰だ,保守が速くなった、は本当か,本編,水野真紀・森理沙・青井遥
CON-07,371,9,数字で改善を確かめる,勝ったはずの、その先で,11〜12か月目,消したコードは、誰の得点？,コードをたくさん書けば、進んでいる？,本編,水野真紀・青井遥・森理沙・真柴蓮
MGT-18,372,9,数字で改善を確かめる,勝ったはずの、その先で,11〜12か月目,誰も読まない、深夜の表,測り方そのものを、評価する,本編,水野真紀・森理沙・青井遥
CON-25,373,9,数字で改善を確かめる,勝ったはずの、その先で,11〜12か月目,目立つ敵は、本命じゃない,遅い場所を、勘で直さない,本編,青井遥・藤堂直人・相原健太・真柴蓮
TST-29,374,9,数字で改善を確かめる,勝ったはずの、その先で,11〜12か月目,古い失敗が、助けに来た,過去の失敗を、次のテストへ,技術ノート,森理沙・青井遥・相原健太
PRC-10,375,9,数字で改善を確かめる,勝ったはずの、その先で,11〜12か月目,百回レビューしても、店は迷う,手順を守っても、使いやすくならない,本編,水野真紀・森理沙・坂本誠
TST-37,376,9,数字で改善を確かめる,勝ったはずの、その先で,11〜12か月目,不具合ランキング、異議あり,不具合件数だけで、品質を比べない,技術ノート,森理沙・水野真紀・青井遥
PRC-12,377,9,数字で改善を確かめる,勝ったはずの、その先で,11〜12か月目,数える前に、何を聞く？,先に問う、後で測る,技術ノート,水野真紀・森理沙・小野寺恵
TST-38,378,9,数字で改善を確かめる,勝ったはずの、その先で,11〜12か月目,三日間の平穏、その先は？,長く動いたら、どこまで言える？,技術ノート,森理沙・相原健太・小野寺恵
PRC-13,379,9,数字で改善を確かめる,勝ったはずの、その先で,11〜12か月目,点数の城に、住んでしまった,成熟度を、点数競争にしない,比較ノート,水野真紀・森理沙・藤堂直人
QUA-06,380,9,数字で改善を確かめる,勝ったはずの、その先で,11〜12か月目,直すだけのループから、出る,不具合を減らす、次の一手,本編,森理沙・青井遥・坂本誠
QUA-08,381,9,数字で改善を確かめる,勝ったはずの、その先で,11〜12か月目,数字は笑う。店長は笑わない,数字がよいのに、現場が困る,本編,森理沙・小野寺恵・坂本誠
QUA-17,382,9,数字で改善を確かめる,勝ったはずの、その先で,11〜12か月目,高い道具と、一枚の紙,品質の道具を、目的で選ぶ,本編,森理沙・青井遥・相原健太
SEC-02,383,9,数字で改善を確かめる,勝ったはずの、その先で,11〜12か月目,相原だけが、知っている,安全な開発を、組織として続ける,比較ノート,相原健太・水野真紀・森理沙
PRO-05,384,9,数字で改善を確かめる,勝ったはずの、その先で,11〜12か月目,本部の笑顔、厨房のため息,便利になった人、負担が増えた人,本編,小野寺恵・水野真紀・坂本誠
ECO-12,385,9,数字で改善を確かめる,勝ったはずの、その先で,11〜12か月目,あの日の見積もりに、会いに行く,選んだ後で、見積もりに戻る,本編,小野寺恵・水野真紀・森理沙
ECO-23,386,9,数字で改善を確かめる,勝ったはずの、その先で,11〜12か月目,店長の勘を、支えるもの,どの仕組みが、知識を支える？,本編,小野寺恵・坂本誠・青井遥
ECO-24,387,9,数字で改善を確かめる,勝ったはずの、その先で,11〜12か月目,きれいな手順書を、閉じてみる,知識の質と、事業への影響,技術ノート,小野寺恵・水野真紀・森理沙・店舗担当者
ECO-25,388,9,数字で改善を確かめる,勝ったはずの、その先で,11〜12か月目,最初に残す、店の知恵,価値のある知識から、支える,本編,小野寺恵・水野真紀・坂本誠
ECO-31,389,9,数字で改善を確かめる,勝ったはずの、その先で,11〜12か月目,節約した時間は、どこへ？,一か所の節約が、別の残業に,本編,小野寺恵・水野真紀・坂本誠
ECO-33,390,9,数字で改善を確かめる,勝ったはずの、その先で,11〜12か月目,いちばん速い開発者へ,速く作った。でも、役に立った？,本編,小野寺恵・水野真紀・青井遥・真柴蓮
ENG-07,391,9,数字で改善を確かめる,勝ったはずの、その先で,11〜12か月目,青いテープの、再試合,改修の効果を、比べられる形で試す,本編,森理沙・青井遥・坂本誠
ENG-09,392,9,数字で改善を確かめる,勝ったはずの、その先で,11〜12か月目,去年の台帳が、黙っている,過去の記録を、同じ意味で読めるか,本編,青井遥・森理沙・小野寺恵
ENG-10,393,9,数字で改善を確かめる,勝ったはずの、その先で,11〜12か月目,十件の注文、一人のお客さん,何を一件として、誰について言う？,技術ノート,青井遥・森理沙
ENG-11,394,9,数字で改善を確かめる,勝ったはずの、その先で,11〜12か月目,一緒に増えた、二つの数,一緒に増える、は原因なのか,技術ノート,青井遥・森理沙・小野寺恵
ENG-15,395,9,数字で改善を確かめる,勝ったはずの、その先で,11〜12か月目,一位と二位の、距離は？,順位の差を、時間の差と同じにしない,技術ノート,青井遥・森理沙
ENG-16,396,9,数字で改善を確かめる,勝ったはずの、その先で,11〜12か月目,三十度は、二倍熱い？,ゼロの意味が、倍率を変える,技術ノート,青井遥・森理沙
ENG-18,397,9,数字で改善を確かめる,勝ったはずの、その先で,11〜12か月目,その割合、分母が違う,件数を数える、割合を求める,技術ノート,青井遥・森理沙・水野真紀
ENG-19,398,9,数字で改善を確かめる,勝ったはずの、その先で,11〜12か月目,狙っていない的の、真ん中,毎回同じでも、測りたいものですか,技術ノート,青井遥・森理沙・小野寺恵
ENG-20,399,9,数字で改善を確かめる,勝ったはずの、その先で,11〜12か月目,同じ人に、もう一度聞く,測り直しても、同じだろうか,技術ノート,青井遥・森理沙
ENG-21,400,9,数字で改善を確かめる,勝ったはずの、その先で,11〜12か月目,このグラフで、明日を決める,その数字で、何を決めますか,本編,森理沙・水野真紀・小野寺恵
CMP-03,401,10,広げる前に調べる,こはるの外へ,13〜14か月目,命令の棚、食材の棚,命令とデータは、どこにある？,比較ノート,青井遥・藤堂直人・機器展示の担当者
CMP-04,402,10,広げる前に調べる,こはるの外へ,13〜14か月目,いつもの箱が、開かない,同じプログラムを、そのまま動かせる？,技術ノート,青井遥・藤堂直人・相原健太
CMP-05,403,10,広げる前に調べる,こはるの外へ,13〜14か月目,同じ号令で、別々の仕事？,並列にも、いくつかの形がある,比較ノート,青井遥・藤堂直人・真柴蓮
MTH-15,404,10,広げる前に調べる,こはるの外へ,13〜14か月目,割れない数と、おにぎり,素数という、数の性質,比較ノート,青井遥・藤堂直人・真柴蓮
MTH-26,405,10,広げる前に調べる,こはるの外へ,13〜14か月目,一枚のグラフの、その先へ,一つの式から、広い数学へ,比較ノート,青井遥・藤堂直人・展示の説明担当者
ARC-06,406,10,広げる前に調べる,こはるの外へ,13〜14か月目,八つの店と、九つ目の使い方,全店共通の構成と、店ごとの違い,比較ノート,藤堂直人・小野寺恵・相原健太
MNT-17,407,10,広げる前に調べる,こはるの外へ,13〜14か月目,古い店を、壊す前に,作り直す前に、残すものを決める,本編,藤堂直人・青井遥・小野寺恵
DES-17,408,10,広げる前に調べる,こはるの外へ,13〜14か月目,店長が書く、小さな言葉,店のルールを、小さな言葉にする,技術ノート,青井遥・藤堂直人・坂本誠
SEC-05,409,10,広げる前に調べる,こはるの外へ,13〜14か月目,評価済みの盾を、借りる前に,評価済み製品、の範囲を読む,比較ノート,相原健太・藤堂直人・水野真紀
DES-24,410,10,広げる前に調べる,こはるの外へ,13〜14か月目,選べないほど、案がある,候補が多すぎて、選べない,技術ノート,青井遥・藤堂直人・坂本誠
CON-18,411,10,広げる前に調べる,こはるの外へ,13〜14か月目,模型が、走り出した,モデルを、そのまま動かせる？,技術ノート,青井遥・藤堂直人・森理沙
SEC-17,412,10,広げる前に調べる,こはるの外へ,13〜14か月目,厨房の扉を、勝手につなぐな,つなぐ機器が増えると、守る境界も増える,比較ノート,相原健太・藤堂直人・坂本誠
CON-24,413,10,広げる前に調べる,こはるの外へ,13〜14か月目,厨房の機械は、画面じゃない,厨房機器まで、同じ作り方でよい？,比較ノート,青井遥・藤堂直人・相原健太
TST-45,414,10,広げる前に調べる,こはるの外へ,13〜14か月目,店の試験表では、届かない,店のアプリと、車の制御は同じ？,比較ノート,青井遥・森理沙・藤堂直人・試験展示の担当者
SEC-18,415,10,広げる前に調べる,こはるの外へ,13〜14か月目,予測役にも、騙される日がある,予測モデルも、だませるのか,比較ノート,相原健太・青井遥・藤堂直人
TST-46,416,10,広げる前に調べる,こはるの外へ,13〜14か月目,よその世界へ、土足で入らない,機密のデータを扱う領域へ,比較ノート,森理沙・水野真紀・小野寺恵・専門領域の担当者
TST-47,417,10,広げる前に調べる,こはるの外へ,13〜14か月目,画面の先に、機械がいる,画面と機器とサービス、それぞれの試し方,比較ノート,青井遥・森理沙・相原健太
TST-48,418,10,広げる前に調べる,こはるの外へ,13〜14か月目,外れた予測を、誰が直す,予測モデルの不具合は、どこにある？,技術ノート,青井遥・森理沙・小野寺恵
TST-50,419,10,広げる前に調べる,こはるの外へ,13〜14か月目,消せない嘘なら、信じる？,ブロックチェーンなら、テスト記録は信頼できる？,比較ノート,青井遥・森理沙・藤堂直人
TST-51,420,10,広げる前に調べる,こはるの外へ,13〜14か月目,千の試験、百の同じ顔,テストを助けるAIも、評価する,技術ノート,青井遥・森理沙・相原健太・真柴蓮
PRO-07,421,10,広げる前に調べる,こはるの外へ,13〜14か月目,こはるの名前と、こはるの工夫,名前と仕組みの権利は、同じではない,比較ノート,水野真紀・青井遥・藤堂直人
PRO-11,422,10,広げる前に調べる,こはるの外へ,13〜14か月目,海を渡る前に、聞くこと,海外へ渡す前に、確かめる,比較ノート,水野真紀・藤堂直人
ECO-11,423,10,広げる前に調べる,こはるの外へ,13〜14か月目,その八割は、願いですか,確率が分かる場合、分からない場合,比較ノート,小野寺恵・水野真紀・藤堂直人
ECO-14,424,10,広げる前に調べる,こはるの外へ,13〜14か月目,三年の相手と、五年の勝負,使える年数と、比べる年数,技術ノート,小野寺恵・水野真紀・相原健太
ECO-17,425,10,広げる前に調べる,こはるの外へ,13〜14か月目,五年先にも、同じ値札？,長期の比較に、隠れた前提,比較ノート,小野寺恵・水野真紀
ECO-18,426,10,広げる前に調べる,こはるの外へ,13〜14か月目,もうけ以外の、勝ち方,利益以外の目標を、どう比べる？,比較ノート,水野真紀・青井遥・小野寺恵
ECO-21,427,10,広げる前に調べる,こはるの外へ,13〜14か月目,いいところで、補える？,良い点で、悪い点を補う比較,技術ノート,小野寺恵・水野真紀・藤堂直人
ECO-22,428,10,広げる前に調べる,こはるの外へ,13〜14か月目,高得点でも、通さない門,点が高くても、譲れない条件,技術ノート,小野寺恵・水野真紀・相原健太
ECO-30,429,10,広げる前に調べる,こはるの外へ,13〜14か月目,海の向こうの、揺れる値札,通貨が違う比較に、前提を置く,比較ノート,小野寺恵・水野真紀・相原健太
ECO-32,430,10,広げる前に調べる,こはるの外へ,13〜14か月目,同じお金の、別の顔,会計の数字と、投資判断の数字,比較ノート,小野寺恵・水野真紀
ECO-34,431,10,広げる前に調べる,こはるの外へ,13〜14か月目,一つの店に、いくつの挑戦？,製品、案件、取り組みの束,比較ノート,小野寺恵・水野真紀
ECO-36,432,10,広げる前に調べる,こはるの外へ,13〜14か月目,作った値段で、買ってくれる？,作る費用と、提供する価格,技術ノート,小野寺恵・水野真紀
CMP-39,433,10,広げる前に調べる,こはるの外へ,13〜14か月目,三日売れたら、明日も？,事実からの結論と、仮説の違い,比較ノート,青井遥・藤堂直人
CMP-40,434,10,広げる前に調べる,こはるの外へ,13〜14か月目,AIに渡す、最初の宿題,AIには、何を教える？,比較ノート,青井遥・藤堂直人・小野寺恵
CMP-41,435,10,広げる前に調べる,こはるの外へ,13〜14か月目,有名な選手を、先に呼ぶな,モデル名より、解きたい問い,比較ノート,青井遥・藤堂直人・森理沙・真柴蓮
CMP-42,436,10,広げる前に調べる,こはるの外へ,13〜14か月目,カメラは、何個見た？,見えたことと、決めること,比較ノート,青井遥・藤堂直人・坂本誠
CMP-43,437,10,広げる前に調べる,こはるの外へ,13〜14か月目,「いつもの二つ」を、受け止めろ,話し言葉を、そのまま注文にできる？,比較ノート,青井遥・坂本誠・佐伯真帆
CMP-44,438,10,広げる前に調べる,こはるの外へ,13〜14か月目,作る相棒と、働く相棒,AIで作る話と、AIを作る話,本編,青井遥・藤堂直人・森理沙
MTH-27,439,10,広げる前に調べる,こはるの外へ,13〜14か月目,脳の模型に、話しかける,脳を、計算のモデルで調べる,比較ノート,青井遥・藤堂直人・研究紹介の担当者
MTH-28,440,10,広げる前に調べる,こはるの外へ,13〜14か月目,文字の海にも、道がいる,遺伝情報にも、ソフトウェアの仕事がある,比較ノート,青井遥・藤堂直人・配列データ展示の担当者
ENG-26,441,10,広げる前に調べる,こはるの外へ,13〜14か月目,つなぐ前に、仲間の名を呼べ,製造とつながる、その前に,比較ノート,藤堂直人・相原健太・小野寺恵・坂本誠
MNT-11,442,11,次の担当者へ渡す,藤堂のいない席,15〜16か月目,藤堂のいない月曜日,詳しい一人が、異動する,本編,青井遥・水野真紀・相原健太・藤堂直人・店舗担当者
MNT-20,443,11,次の担当者へ渡す,藤堂のいない席,15〜16か月目,地図にない、一本の線,地図があれば、保守に入れる,本編,青井遥・藤堂直人・相原健太
PRO-01,444,11,次の担当者へ渡す,藤堂のいない席,15〜16か月目,肩書きの下に、手がある,資格があれば、任せられる？,比較ノート,青井遥・水野真紀・藤堂直人・助っ人候補者
PRO-03,445,11,次の担当者へ渡す,藤堂のいない席,15〜16か月目,灯台の外にも、灯りがある,チームの外から、学ぶ,本編,青井遥・藤堂直人・交流会の参加者
PRO-15,446,11,次の担当者へ渡す,藤堂のいない席,15〜16か月目,置き手紙で、店を開ける,未来の担当者へ、理由を書く,本編,青井遥・相原健太・藤堂直人
CMP-38,447,11,次の担当者へ渡す,藤堂のいない席,15〜16か月目,昨日の私に、聞きたいこと,明日の自分も、別の開発者,本編,青井遥・藤堂直人
ENG-02,448,11,次の担当者へ渡す,藤堂のいない席,15〜16か月目,先生の答えを、越えていけ,設計を学ぶとは、答えを覚えること？,比較ノート,青井遥・藤堂直人・水野真紀
ENG-22,449,11,次の担当者へ渡す,藤堂のいない席,15〜16か月目,旗を下ろして、確かめろ,標準に合わせる理由を、説明する,本編,藤堂直人・森理沙・水野真紀
ECO-15,450,12,終わらせるもの、続けるもの,ただいま、十二時二十分,17〜18か月目,ここまで作った。だから、手放す,ここまで作ったから、続ける？,本編,青井遥・小野寺恵・水野真紀・藤堂直人
ECO-16,451,12,終わらせるもの、続けるもの,ただいま、十二時二十分,17〜18か月目,さよなら、二冊目の台帳,旧台帳を、閉じる判断,本編,坂本誠・相原健太・水野真紀・小野寺恵・青井遥
ECO-35,452,12,終わらせるもの、続けるもの,ただいま、十二時二十分,17〜18か月目,終わりの日にも、注文は来る,案件が終わっても、製品は続く,本編,水野真紀・相原健太・小野寺恵・青井遥
MGT-15,453,12,終わらせるもの、続けるもの,ただいま、十二時二十分,17〜18か月目,終わりの丸は、誰が押す,何をもって、この案件を閉じる？,本編,水野真紀・森理沙・相原健太・小野寺恵
MGT-16,454,12,終わらせるもの、続けるもの,ただいま、十二時二十分,17〜18か月目,最後に渡すのは、合鍵じゃない,最後の会議で、残すもの,本編,青井遥・相原健太・藤堂直人・水野真紀
ENG-01,455,12,終わらせるもの、続けるもの,ただいま、十二時二十分,17〜18か月目,ただいま、十二時二十分,次の問題にも、向き合えるチームへ,本編,青井遥・坂本誠・佐伯真帆・小野寺恵・水野真紀・藤堂直人・森理沙
APP-01,456,13,付録・調べ方ガイド,閉店後の三つの扉,通読後／随時参照,次の町は、地図の外,SWEBOKは、知識への地図,付録ガイド,青井遥・藤堂直人
APP-02,457,13,付録・調べ方ガイド,閉店後の三つの扉,通読後／随時参照,扉の番号を、確かめて,標準を探す、入口を持つ,付録ガイド,青井遥・藤堂直人・真柴蓮
APP-03,458,13,付録・調べ方ガイド,閉店後の三つの扉,通読後／随時参照,明日、何をつくろうか,もう一歩、深く読むために,付録ガイド,青井遥・真柴蓮・坂本誠
